epoch,time,train/box_loss,train/cls_loss,train/dfl_loss,train/angle_loss,metrics/precision(B),metrics/recall(B),metrics/mAP50(B),metrics/mAP50-95(B),val/box_loss,val/cls_loss,val/dfl_loss,val/angle_loss,lr/pg0,lr/pg1,lr/pg2,lr/pg3,lr/pg4,lr/pg5,lr/pg6,lr/pg7
1,221.81,2.3121,3.60886,2.87195,0.13053,0.12398,0.16848,0.0692,0.02726,1.96037,3.35792,2.55135,0.05937,0.00995536,0.00331845,0.00995536,0.00331845,0.00995536,0.00331845,0.00995536,0.00331845
2,345.572,1.91852,2.92389,2.30229,0.05396,0.15661,0.2068,0.09238,0.0426,1.99321,3.0465,2.54388,0.07228,0.0199356,0.0066452,0.0199356,0.0066452,0.0199356,0.0066452,0.0199356,0.0066452
3,461.742,1.83823,2.76864,2.20127,0.05043,0.17687,0.21377,0.12215,0.05537,1.8876,3.34747,2.39075,0.04926,0.029896,0.00996535,0.029896,0.00996535,0.029896,0.00996535,0.029896,0.00996535
4,575.114,1.78243,2.71805,2.16921,0.04592,0.32106,0.23612,0.12969,0.05874,1.86152,2.9822,2.47023,0.04869,0.0299109,0.0099703,0.0299109,0.0099703,0.0299109,0.0099703,0.0299109,0.0099703
5,88.6291,1.72986,2.5983,2.1162,0.04199,0.26356,0.28601,0.20565,0.09695,1.72626,2.62849,2.29133,0.04147,0.0298812,0.0099604,0.0298812,0.0099604,0.0298812,0.0099604,0.0298812,0.0099604
6,176.814,1.67573,2.44337,2.05911,0.03853,0.27047,0.35875,0.26147,0.13115,1.63675,2.59397,2.22019,0.03976,0.0298515,0.0099505,0.0298515,0.0099505,0.0298515,0.0099505,0.0298515,0.0099505
7,262.762,1.64465,2.38041,2.04201,0.03767,0.46732,0.31927,0.28171,0.14949,1.65282,2.35284,2.20147,0.04078,0.0298218,0.0099406,0.0298218,0.0099406,0.0298218,0.0099406,0.0298218,0.0099406
8,349.873,1.63348,2.33918,2.02334,0.03678,0.34247,0.35855,0.28732,0.14869,1.61407,2.44641,2.18069,0.03609,0.0297921,0.0099307,0.0297921,0.0099307,0.0297921,0.0099307,0.0297921,0.0099307
9,435.075,1.59063,2.26562,1.98069,0.03502,0.43593,0.42614,0.35262,0.19292,1.5663,2.26536,2.09896,0.03813,0.0297624,0.0099208,0.0297624,0.0099208,0.0297624,0.0099208,0.0297624,0.0099208
10,522.527,1.57104,2.20559,1.96494,0.03361,0.46932,0.35889,0.30774,0.16102,1.63313,2.73812,2.17029,0.03631,0.0297327,0.0099109,0.0297327,0.0099109,0.0297327,0.0099109,0.0297327,0.0099109
11,608.331,1.55596,2.17861,1.95107,0.03225,0.48252,0.42565,0.40153,0.21509,1.55261,2.13985,2.09353,0.03451,0.029703,0.009901,0.029703,0.009901,0.029703,0.009901,0.029703,0.009901
12,695.979,1.52927,2.09532,1.91507,0.03134,0.4514,0.4864,0.44956,0.25858,1.50284,2.02974,2.07317,0.03439,0.0296733,0.0098911,0.0296733,0.0098911,0.0296733,0.0098911,0.0296733,0.0098911
13,783.297,1.50844,2.03322,1.90118,0.03058,0.46011,0.44738,0.4163,0.22785,1.51347,2.13502,2.02267,0.03346,0.0296436,0.0098812,0.0296436,0.0098812,0.0296436,0.0098812,0.0296436,0.0098812
14,869.861,1.50752,2.03863,1.89196,0.03128,0.516,0.48158,0.47003,0.27815,1.46028,1.97473,2.0145,0.03095,0.0296139,0.0098713,0.0296139,0.0098713,0.0296139,0.0098713,0.0296139,0.0098713
15,955.076,1.48252,1.96462,1.87916,0.02961,0.51065,0.50678,0.49152,0.28792,1.43738,1.8727,1.98519,0.03167,0.0295842,0.0098614,0.0295842,0.0098614,0.0295842,0.0098614,0.0295842,0.0098614
16,1042.09,1.46517,1.93201,1.86094,0.02938,0.51512,0.52191,0.50481,0.30706,1.43535,1.89512,1.98309,0.03308,0.0295545,0.0098515,0.0295545,0.0098515,0.0295545,0.0098515,0.0295545,0.0098515
17,1132,1.45579,1.89112,1.8453,0.0299,0.56479,0.50883,0.52522,0.32316,1.43882,1.91697,1.97585,0.03041,0.0295248,0.0098416,0.0295248,0.0098416,0.0295248,0.0098416,0.0295248,0.0098416
18,1221.33,1.44149,1.87578,1.84178,0.02853,0.57769,0.50462,0.51743,0.32069,1.41413,1.77029,1.94761,0.03075,0.0294951,0.0098317,0.0294951,0.0098317,0.0294951,0.0098317,0.0294951,0.0098317
19,1309.09,1.42741,1.85188,1.82317,0.02831,0.62139,0.53618,0.57637,0.35067,1.44699,1.91463,1.96826,0.03002,0.0294654,0.0098218,0.0294654,0.0098218,0.0294654,0.0098218,0.0294654,0.0098218
20,1397.15,1.41921,1.80978,1.81482,0.02794,0.62038,0.55682,0.59244,0.37584,1.35791,1.67826,1.91126,0.02993,0.0294357,0.0098119,0.0294357,0.0098119,0.0294357,0.0098119,0.0294357,0.0098119
21,1484.58,1.40687,1.77206,1.79703,0.02832,0.59885,0.52352,0.55534,0.34919,1.37059,1.75572,1.89435,0.03071,0.029406,0.009802,0.029406,0.009802,0.029406,0.009802,0.029406,0.009802
22,1571.05,1.41014,1.77238,1.80433,0.02667,0.56077,0.56793,0.56872,0.36367,1.34965,1.69552,1.88506,0.02921,0.0293763,0.0097921,0.0293763,0.0097921,0.0293763,0.0097921,0.0293763,0.0097921
23,1657.27,1.38053,1.73929,1.78063,0.02736,0.599,0.56881,0.59883,0.37594,1.37994,1.67057,1.90067,0.02923,0.0293466,0.0097822,0.0293466,0.0097822,0.0293466,0.0097822,0.0293466,0.0097822
24,1743.92,1.3756,1.7072,1.76337,0.02801,0.57278,0.52082,0.53209,0.32617,1.46608,1.91157,1.97727,0.03188,0.0293169,0.0097723,0.0293169,0.0097723,0.0293169,0.0097723,0.0293169,0.0097723
25,1832.43,1.36043,1.67111,1.75768,0.02648,0.60235,0.54133,0.57389,0.34553,1.45154,1.93744,1.96559,0.02964,0.0292872,0.0097624,0.0292872,0.0097624,0.0292872,0.0097624,0.0292872,0.0097624
26,1919.09,1.35321,1.66084,1.74031,0.02775,0.62929,0.61415,0.62167,0.38578,1.3847,1.67865,1.90632,0.0289,0.0292575,0.0097525,0.0292575,0.0097525,0.0292575,0.0097525,0.0292575,0.0097525
27,2005.77,1.32551,1.62692,1.72437,0.02604,0.6837,0.61457,0.66923,0.44846,1.30839,1.4911,1.84373,0.02732,0.0292278,0.0097426,0.0292278,0.0097426,0.0292278,0.0097426,0.0292278,0.0097426
28,2094.61,1.34357,1.61665,1.71893,0.0267,0.68456,0.61917,0.66526,0.44754,1.295,1.52539,1.80803,0.02954,0.0291981,0.0097327,0.0291981,0.0097327,0.0291981,0.0097327,0.0291981,0.0097327
29,2181.46,1.31293,1.58505,1.70527,0.02544,0.60223,0.58785,0.60358,0.39226,1.35778,1.66682,1.87032,0.0286,0.0291684,0.0097228,0.0291684,0.0097228,0.0291684,0.0097228,0.0291684,0.0097228
30,2266.82,1.32365,1.57783,1.71001,0.02516,0.65752,0.62844,0.64553,0.41145,1.35518,1.70548,1.88708,0.02878,0.0291387,0.0097129,0.0291387,0.0097129,0.0291387,0.0097129,0.0291387,0.0097129
31,2349.74,1.3106,1.56104,1.69554,0.02583,0.66418,0.61001,0.6489,0.43456,1.288,1.45925,1.80645,0.02786,0.029109,0.009703,0.029109,0.009703,0.029109,0.009703,0.029109,0.009703
32,2434.82,1.2959,1.52995,1.67774,0.02506,0.66704,0.61199,0.6565,0.44357,1.30859,1.54972,1.82113,0.02735,0.0290793,0.0096931,0.0290793,0.0096931,0.0290793,0.0096931,0.0290793,0.0096931
33,2521.38,1.29887,1.52913,1.68413,0.02513,0.69895,0.64705,0.69859,0.47048,1.262,1.40396,1.78499,0.02775,0.0290496,0.0096832,0.0290496,0.0096832,0.0290496,0.0096832,0.0290496,0.0096832
34,2607.57,1.28708,1.51232,1.66387,0.02642,0.70806,0.64842,0.69399,0.46387,1.28069,1.43519,1.79473,0.02638,0.0290199,0.0096733,0.0290199,0.0096733,0.0290199,0.0096733,0.0290199,0.0096733
35,2691.72,1.27876,1.496,1.66736,0.02541,0.71178,0.66256,0.71823,0.49904,1.23036,1.34598,1.74336,0.02523,0.0289902,0.0096634,0.0289902,0.0096634,0.0289902,0.0096634,0.0289902,0.0096634
36,2776.69,1.26934,1.47359,1.64766,0.02558,0.7174,0.67331,0.72347,0.4883,1.24945,1.40754,1.77133,0.02698,0.0289605,0.0096535,0.0289605,0.0096535,0.0289605,0.0096535,0.0289605,0.0096535
37,2861.37,1.26808,1.472,1.64971,0.02457,0.70736,0.66982,0.71568,0.49592,1.21384,1.3804,1.71683,0.02604,0.0289308,0.0096436,0.0289308,0.0096436,0.0289308,0.0096436,0.0289308,0.0096436
38,2944.88,1.24327,1.43088,1.63166,0.02505,0.73477,0.69244,0.73647,0.51314,1.2117,1.35219,1.72164,0.02618,0.0289011,0.0096337,0.0289011,0.0096337,0.0289011,0.0096337,0.0289011,0.0096337
39,3031.07,1.24745,1.44931,1.62998,0.02409,0.74432,0.64373,0.71753,0.48471,1.25181,1.42672,1.74801,0.02692,0.0288714,0.0096238,0.0288714,0.0096238,0.0288714,0.0096238,0.0288714,0.0096238
40,3116.12,1.24191,1.42484,1.62564,0.02401,0.7716,0.67459,0.74844,0.52576,1.20756,1.28598,1.71286,0.02475,0.0288417,0.0096139,0.0288417,0.0096139,0.0288417,0.0096139,0.0288417,0.0096139
41,3201.39,1.239,1.42069,1.62558,0.02368,0.72582,0.68526,0.72833,0.50377,1.21684,1.36816,1.72406,0.02476,0.028812,0.009604,0.028812,0.009604,0.028812,0.009604,0.028812,0.009604
42,3286.62,1.22456,1.39138,1.61052,0.02461,0.78401,0.6745,0.75955,0.52585,1.18859,1.25146,1.69575,0.02397,0.0287823,0.0095941,0.0287823,0.0095941,0.0287823,0.0095941,0.0287823,0.0095941
43,3371.44,1.21456,1.38144,1.59807,0.02293,0.73528,0.68213,0.74371,0.51867,1.20453,1.28795,1.70915,0.0264,0.0287526,0.0095842,0.0287526,0.0095842,0.0287526,0.0095842,0.0287526,0.0095842
44,3455.96,1.21978,1.38474,1.60084,0.02345,0.73315,0.68683,0.73716,0.51735,1.19689,1.27425,1.69244,0.02493,0.0287229,0.0095743,0.0287229,0.0095743,0.0287229,0.0095743,0.0287229,0.0095743
45,3540.59,1.22039,1.37324,1.5951,0.02406,0.73498,0.69686,0.73952,0.52185,1.18683,1.25582,1.69396,0.02492,0.0286932,0.0095644,0.0286932,0.0095644,0.0286932,0.0095644,0.0286932,0.0095644
46,3625.36,1.21587,1.37355,1.60026,0.02362,0.73288,0.69897,0.73083,0.49796,1.2358,1.32837,1.73239,0.02641,0.0286635,0.0095545,0.0286635,0.0095545,0.0286635,0.0095545,0.0286635,0.0095545
47,3709.72,1.2082,1.33875,1.5873,0.02384,0.77324,0.68121,0.75041,0.52894,1.18673,1.25186,1.69279,0.02582,0.0286338,0.0095446,0.0286338,0.0095446,0.0286338,0.0095446,0.0286338,0.0095446
48,3792.85,1.19592,1.32927,1.57168,0.02356,0.7604,0.71702,0.77685,0.55471,1.16462,1.20813,1.66391,0.02505,0.0286041,0.0095347,0.0286041,0.0095347,0.0286041,0.0095347,0.0286041,0.0095347
49,3878.1,1.20215,1.34783,1.58015,0.02378,0.77433,0.7175,0.77309,0.54631,1.1713,1.20668,1.66535,0.0241,0.0285744,0.0095248,0.0285744,0.0095248,0.0285744,0.0095248,0.0285744,0.0095248
50,3963.7,1.20657,1.32474,1.57672,0.02398,0.75838,0.71853,0.7715,0.54959,1.1411,1.23318,1.63531,0.02507,0.0285447,0.0095149,0.0285447,0.0095149,0.0285447,0.0095149,0.0285447,0.0095149
51,4047.03,1.18988,1.30949,1.56084,0.02425,0.80306,0.70694,0.77256,0.55777,1.13997,1.19983,1.64858,0.0239,0.028515,0.009505,0.028515,0.009505,0.028515,0.009505,0.028515,0.009505
52,4133.63,1.17491,1.31127,1.56026,0.02238,0.7704,0.70502,0.77462,0.55241,1.15092,1.20067,1.65724,0.02381,0.0284853,0.0094951,0.0284853,0.0094951,0.0284853,0.0094951,0.0284853,0.0094951
53,4220.4,1.17218,1.28934,1.55155,0.02329,0.80761,0.71017,0.78399,0.56987,1.12004,1.1672,1.60726,0.02474,0.0284556,0.0094852,0.0284556,0.0094852,0.0284556,0.0094852,0.0284556,0.0094852
54,4307.29,1.1755,1.29181,1.54628,0.02218,0.78604,0.72187,0.78464,0.55768,1.14509,1.18191,1.63495,0.02436,0.0284259,0.0094753,0.0284259,0.0094753,0.0284259,0.0094753,0.0284259,0.0094753
55,4391.93,1.17125,1.29468,1.55195,0.02315,0.77561,0.73748,0.78051,0.56046,1.14761,1.16385,1.62998,0.0238,0.0283962,0.0094654,0.0283962,0.0094654,0.0283962,0.0094654,0.0283962,0.0094654
56,4476.15,1.1686,1.27644,1.54157,0.02293,0.78309,0.71906,0.78422,0.56531,1.12336,1.14709,1.61768,0.02397,0.0283665,0.0094555,0.0283665,0.0094555,0.0283665,0.0094555,0.0283665,0.0094555
57,4561.04,1.15619,1.25393,1.53294,0.02262,0.79424,0.76077,0.80304,0.59058,1.08552,1.08207,1.57779,0.02445,0.0283368,0.0094456,0.0283368,0.0094456,0.0283368,0.0094456,0.0283368,0.0094456
58,4646.45,1.16527,1.27704,1.54128,0.02194,0.76834,0.7085,0.76657,0.54888,1.16063,1.18153,1.64747,0.02535,0.0283071,0.0094357,0.0283071,0.0094357,0.0283071,0.0094357,0.0283071,0.0094357
59,4731.76,1.15566,1.24898,1.536,0.0232,0.7941,0.76027,0.80472,0.59978,1.07903,1.08681,1.57066,0.02418,0.0282774,0.0094258,0.0282774,0.0094258,0.0282774,0.0094258,0.0282774,0.0094258
60,4817.87,1.14883,1.26241,1.52305,0.02217,0.79264,0.73742,0.79675,0.58227,1.09481,1.09672,1.57538,0.02393,0.0282477,0.0094159,0.0282477,0.0094159,0.0282477,0.0094159,0.0282477,0.0094159
61,4905.28,1.14139,1.24118,1.51811,0.02185,0.77493,0.74511,0.78694,0.56815,1.11904,1.16039,1.61483,0.02267,0.028218,0.009406,0.028218,0.009406,0.028218,0.009406,0.028218,0.009406
62,4993.42,1.14161,1.22602,1.51279,0.02312,0.79103,0.74299,0.7993,0.58823,1.08836,1.09416,1.59077,0.02344,0.0281883,0.0093961,0.0281883,0.0093961,0.0281883,0.0093961,0.0281883,0.0093961
63,5080.62,1.13919,1.22689,1.52054,0.02256,0.80326,0.75936,0.81339,0.60406,1.06423,1.05294,1.56283,0.02229,0.0281586,0.0093862,0.0281586,0.0093862,0.0281586,0.0093862,0.0281586,0.0093862
64,5167.78,1.13832,1.23044,1.51572,0.0227,0.79085,0.7353,0.7945,0.58374,1.09409,1.10661,1.58432,0.02412,0.0281289,0.0093763,0.0281289,0.0093763,0.0281289,0.0093763,0.0281289,0.0093763
65,5255.43,1.13867,1.23435,1.51877,0.02253,0.82946,0.75456,0.81833,0.60752,1.05952,1.04832,1.53939,0.02351,0.0280992,0.0093664,0.0280992,0.0093664,0.0280992,0.0093664,0.0280992,0.0093664
66,5341.17,1.13076,1.22453,1.50971,0.02245,0.77088,0.75097,0.79298,0.58023,1.09077,1.13262,1.57626,0.02355,0.0280695,0.0093565,0.0280695,0.0093565,0.0280695,0.0093565,0.0280695,0.0093565
67,5427.3,1.12148,1.18766,1.48976,0.0219,0.8239,0.7618,0.81973,0.60545,1.05087,1.03617,1.53105,0.02325,0.0280398,0.0093466,0.0280398,0.0093466,0.0280398,0.0093466,0.0280398,0.0093466
68,5512.53,1.12964,1.2002,1.51134,0.02192,0.82401,0.74992,0.81081,0.59147,1.07546,1.05712,1.57315,0.02301,0.0280101,0.0093367,0.0280101,0.0093367,0.0280101,0.0093367,0.0280101,0.0093367
69,5598.69,1.12433,1.20119,1.49786,0.02212,0.83736,0.73524,0.8142,0.6116,1.04349,1.01768,1.54765,0.02292,0.0279804,0.0093268,0.0279804,0.0093268,0.0279804,0.0093268,0.0279804,0.0093268
70,5685.09,1.13545,1.20612,1.50589,0.02229,0.82252,0.74758,0.82026,0.61103,1.05108,1.02154,1.53704,0.02236,0.0279507,0.0093169,0.0279507,0.0093169,0.0279507,0.0093169,0.0279507,0.0093169
71,5770.77,1.12298,1.20199,1.49717,0.02127,0.79625,0.76991,0.81406,0.61026,1.05337,1.04792,1.54071,0.02257,0.027921,0.009307,0.027921,0.009307,0.027921,0.009307,0.027921,0.009307
72,5855.27,1.10345,1.18309,1.47716,0.02051,0.81185,0.76357,0.81741,0.61522,1.04778,1.04748,1.52792,0.02307,0.0278913,0.0092971,0.0278913,0.0092971,0.0278913,0.0092971,0.0278913,0.0092971
73,5940.64,1.11583,1.19124,1.49265,0.02166,0.81785,0.75619,0.81517,0.60669,1.04066,1.03562,1.53333,0.0222,0.0278616,0.0092872,0.0278616,0.0092872,0.0278616,0.0092872,0.0278616,0.0092872
74,6027.33,1.11013,1.1594,1.48156,0.02166,0.83122,0.75215,0.81862,0.61777,1.03783,1.02819,1.51791,0.02176,0.0278319,0.0092773,0.0278319,0.0092773,0.0278319,0.0092773,0.0278319,0.0092773
75,6112.38,1.09779,1.15603,1.47347,0.02209,0.82123,0.76981,0.8267,0.62478,1.02093,0.99065,1.51235,0.02253,0.0278022,0.0092674,0.0278022,0.0092674,0.0278022,0.0092674,0.0278022,0.0092674
76,6198.05,1.09397,1.16116,1.47729,0.02129,0.80909,0.76819,0.81501,0.6095,1.03985,1.00287,1.52693,0.02238,0.0277725,0.0092575,0.0277725,0.0092575,0.0277725,0.0092575,0.0277725,0.0092575
77,6283.6,1.09942,1.15817,1.47276,0.02113,0.82605,0.76452,0.82118,0.61937,1.02939,0.98571,1.50482,0.02199,0.0277428,0.0092476,0.0277428,0.0092476,0.0277428,0.0092476,0.0277428,0.0092476
78,6368.99,1.09317,1.14726,1.46678,0.0211,0.8143,0.7715,0.82251,0.62012,1.0368,1.00408,1.53155,0.02172,0.0277131,0.0092377,0.0277131,0.0092377,0.0277131,0.0092377,0.0277131,0.0092377
79,6452.48,1.08518,1.14083,1.46521,0.02108,0.82539,0.7779,0.82315,0.6196,1.0236,1.00407,1.51598,0.02252,0.0276834,0.0092278,0.0276834,0.0092278,0.0276834,0.0092278,0.0276834,0.0092278
80,6538.42,1.09622,1.14922,1.46705,0.02114,0.84558,0.76515,0.83172,0.63542,1.00265,0.94623,1.48996,0.02168,0.0276537,0.0092179,0.0276537,0.0092179,0.0276537,0.0092179,0.0276537,0.0092179
81,6626.43,1.07979,1.12961,1.46505,0.0208,0.83398,0.78359,0.83305,0.63338,1.00316,0.96853,1.47981,0.0217,0.027624,0.009208,0.027624,0.009208,0.027624,0.009208,0.027624,0.009208
82,6713.66,1.082,1.12659,1.4606,0.02052,0.83819,0.77642,0.83179,0.62698,1.02272,0.9883,1.51076,0.02166,0.0275943,0.0091981,0.0275943,0.0091981,0.0275943,0.0091981,0.0275943,0.0091981
83,6797.63,1.08144,1.14382,1.46112,0.02018,0.84257,0.77528,0.83579,0.63286,1.01023,0.96621,1.50278,0.02187,0.0275646,0.0091882,0.0275646,0.0091882,0.0275646,0.0091882,0.0275646,0.0091882
84,6883.96,1.0794,1.11894,1.45301,0.02163,0.82934,0.7952,0.83605,0.63655,1.0101,0.95756,1.50197,0.02211,0.0275349,0.0091783,0.0275349,0.0091783,0.0275349,0.0091783,0.0275349,0.0091783
85,6970.99,1.07897,1.13397,1.45853,0.02063,0.82659,0.78891,0.83471,0.6387,1.01238,0.97318,1.50287,0.02144,0.0275052,0.0091684,0.0275052,0.0091684,0.0275052,0.0091684,0.0275052,0.0091684
86,7057.27,1.06863,1.11768,1.44499,0.02035,0.84142,0.79285,0.84014,0.64155,0.99037,0.93303,1.48307,0.02244,0.0274755,0.0091585,0.0274755,0.0091585,0.0274755,0.0091585,0.0274755,0.0091585
87,7143.24,1.08055,1.12969,1.45692,0.02087,0.84488,0.7667,0.82928,0.63142,1.01302,0.98366,1.4991,0.02134,0.0274458,0.0091486,0.0274458,0.0091486,0.0274458,0.0091486,0.0274458,0.0091486
88,7230.02,1.0733,1.11602,1.44214,0.02134,0.8465,0.78303,0.84269,0.64141,1.00069,0.93992,1.48125,0.02158,0.0274161,0.0091387,0.0274161,0.0091387,0.0274161,0.0091387,0.0274161,0.0091387
89,7317.18,1.07322,1.11396,1.44681,0.02092,0.84964,0.78436,0.83946,0.64673,0.98721,0.93107,1.47898,0.02152,0.0273864,0.0091288,0.0273864,0.0091288,0.0273864,0.0091288,0.0273864,0.0091288
90,7403.65,1.05292,1.0994,1.43469,0.02013,0.83334,0.78994,0.83859,0.64396,0.97989,0.93396,1.46442,0.02171,0.0273567,0.0091189,0.0273567,0.0091189,0.0273567,0.0091189,0.0273567,0.0091189
91,7488.83,1.0578,1.09237,1.43208,0.02033,0.82113,0.80571,0.84419,0.6473,0.97489,0.93474,1.46424,0.02109,0.027327,0.009109,0.027327,0.009109,0.027327,0.009109,0.027327,0.009109
92,7574.55,1.05567,1.09071,1.42815,0.02027,0.859,0.78856,0.84843,0.65638,0.95736,0.90273,1.44785,0.02004,0.0272973,0.0090991,0.0272973,0.0090991,0.0272973,0.0090991,0.0272973,0.0090991
93,7660.61,1.05456,1.0768,1.42421,0.02002,0.84295,0.79839,0.84839,0.65494,0.96916,0.92171,1.46051,0.02119,0.0272676,0.0090892,0.0272676,0.0090892,0.0272676,0.0090892,0.0272676,0.0090892
94,7744.38,1.05106,1.0804,1.42348,0.01959,0.85715,0.79197,0.84681,0.6496,0.98229,0.92127,1.4604,0.02138,0.0272379,0.0090793,0.0272379,0.0090793,0.0272379,0.0090793,0.0272379,0.0090793
95,7829.11,1.0529,1.07633,1.41785,0.02035,0.83996,0.80007,0.84361,0.65367,0.96085,0.91696,1.4385,0.02041,0.0272082,0.0090694,0.0272082,0.0090694,0.0272082,0.0090694,0.0272082,0.0090694
96,7914.31,1.05373,1.08334,1.42586,0.02068,0.84951,0.78181,0.8452,0.64695,0.96632,0.91953,1.44283,0.02136,0.0271785,0.0090595,0.0271785,0.0090595,0.0271785,0.0090595,0.0271785,0.0090595
97,7998.75,1.04498,1.07977,1.43008,0.02014,0.86467,0.78489,0.84878,0.65977,0.95122,0.88122,1.42867,0.02056,0.0271488,0.0090496,0.0271488,0.0090496,0.0271488,0.0090496,0.0271488,0.0090496
98,8084.54,1.04256,1.0762,1.42477,0.02064,0.84284,0.79923,0.84299,0.65113,0.96238,0.91012,1.44219,0.021,0.0271191,0.0090397,0.0271191,0.0090397,0.0271191,0.0090397,0.0271191,0.0090397
99,8170.69,1.05359,1.0771,1.4248,0.02008,0.85815,0.78577,0.85086,0.65783,0.96057,0.90171,1.44703,0.02057,0.0270894,0.0090298,0.0270894,0.0090298,0.0270894,0.0090298,0.0270894,0.0090298
100,8256.6,1.04111,1.06626,1.42049,0.01962,0.86253,0.7896,0.84937,0.65629,0.94847,0.892,1.43748,0.02025,0.0270597,0.0090199,0.0270597,0.0090199,0.0270597,0.0090199,0.0270597,0.0090199
101,8343.04,1.03863,1.06816,1.41897,0.02027,0.85834,0.79493,0.85434,0.66545,0.93305,0.87451,1.41288,0.0207,0.02703,0.00901,0.02703,0.00901,0.02703,0.00901,0.02703,0.00901
102,8430.38,1.03319,1.06109,1.40715,0.02004,0.84406,0.80177,0.85356,0.65664,0.9577,0.89064,1.43564,0.01989,0.0270003,0.0090001,0.0270003,0.0090001,0.0270003,0.0090001,0.0270003,0.0090001
103,8517.21,1.032,1.05498,1.40517,0.01902,0.85169,0.80109,0.85006,0.66147,0.94826,0.89162,1.42463,0.02053,0.0269706,0.0089902,0.0269706,0.0089902,0.0269706,0.0089902,0.0269706,0.0089902
104,8603.16,1.0361,1.06654,1.41393,0.01945,0.85564,0.80493,0.85965,0.67089,0.92423,0.85682,1.41481,0.01983,0.0269409,0.0089803,0.0269409,0.0089803,0.0269409,0.0089803,0.0269409,0.0089803
105,8689.46,1.04513,1.08439,1.41263,0.02008,0.85116,0.80486,0.8556,0.67044,0.93749,0.86646,1.42257,0.01988,0.0269112,0.0089704,0.0269112,0.0089704,0.0269112,0.0089704,0.0269112,0.0089704
106,8776.47,1.03147,1.0587,1.40902,0.01942,0.8619,0.79699,0.86069,0.67003,0.93856,0.86229,1.42038,0.02034,0.0268815,0.0089605,0.0268815,0.0089605,0.0268815,0.0089605,0.0268815,0.0089605
107,8863.6,1.03597,1.05637,1.40814,0.02027,0.84954,0.80011,0.85293,0.66123,0.94123,0.88355,1.41945,0.01908,0.0268518,0.0089506,0.0268518,0.0089506,0.0268518,0.0089506,0.0268518,0.0089506
108,8950.05,1.0265,1.05115,1.40568,0.02027,0.85693,0.81079,0.85589,0.66514,0.93339,0.8737,1.4114,0.01969,0.0268221,0.0089407,0.0268221,0.0089407,0.0268221,0.0089407,0.0268221,0.0089407
109,9035.35,1.02516,1.04999,1.39953,0.01949,0.86268,0.79942,0.85654,0.66497,0.93824,0.87457,1.41414,0.01977,0.0267924,0.0089308,0.0267924,0.0089308,0.0267924,0.0089308,0.0267924,0.0089308
110,9122.55,1.03946,1.06158,1.41711,0.01986,0.85112,0.7975,0.85933,0.66691,0.93239,0.86782,1.41004,0.02005,0.0267627,0.0089209,0.0267627,0.0089209,0.0267627,0.0089209,0.0267627,0.0089209
111,9209.96,1.02851,1.05386,1.4062,0.01977,0.86067,0.80243,0.86209,0.67986,0.91935,0.84136,1.40027,0.01972,0.026733,0.008911,0.026733,0.008911,0.026733,0.008911,0.026733,0.008911
112,9296.83,1.01991,1.03406,1.39962,0.01965,0.86438,0.79799,0.86085,0.6753,0.9182,0.86171,1.40174,0.01959,0.0267033,0.0089011,0.0267033,0.0089011,0.0267033,0.0089011,0.0267033,0.0089011
113,9380.71,1.02304,1.03551,1.39372,0.01976,0.85929,0.81462,0.86063,0.67756,0.92457,0.85103,1.39756,0.01983,0.0266736,0.0088912,0.0266736,0.0088912,0.0266736,0.0088912,0.0266736,0.0088912
114,9466.23,1.02137,1.03939,1.39424,0.01986,0.85988,0.80805,0.86267,0.67777,0.92302,0.84302,1.39404,0.01998,0.0266439,0.0088813,0.0266439,0.0088813,0.0266439,0.0088813,0.0266439,0.0088813
115,9551.73,1.02057,1.04259,1.39747,0.01913,0.87138,0.80091,0.85876,0.67524,0.92053,0.85022,1.39363,0.01936,0.0266142,0.0088714,0.0266142,0.0088714,0.0266142,0.0088714,0.0266142,0.0088714
116,9636.15,1.00299,1.01121,1.37764,0.01816,0.86743,0.80567,0.85868,0.6758,0.91771,0.84113,1.39947,0.01998,0.0265845,0.0088615,0.0265845,0.0088615,0.0265845,0.0088615,0.0265845,0.0088615
117,9721.47,1.01578,1.02121,1.38924,0.01971,0.86845,0.80843,0.86276,0.6807,0.90496,0.83568,1.38228,0.01902,0.0265548,0.0088516,0.0265548,0.0088516,0.0265548,0.0088516,0.0265548,0.0088516
118,9807.68,1.00446,1.00172,1.37999,0.02013,0.8472,0.82042,0.86288,0.6791,0.9146,0.83199,1.39112,0.01887,0.0265251,0.0088417,0.0265251,0.0088417,0.0265251,0.0088417,0.0265251,0.0088417
119,9892.54,1.00639,1.01196,1.37904,0.01849,0.86105,0.8189,0.86395,0.67812,0.90546,0.82761,1.38589,0.01914,0.0264954,0.0088318,0.0264954,0.0088318,0.0264954,0.0088318,0.0264954,0.0088318
120,9977.79,1.01092,1.02823,1.387,0.01899,0.8705,0.81913,0.87021,0.68707,0.89844,0.82305,1.37928,0.01914,0.0264657,0.0088219,0.0264657,0.0088219,0.0264657,0.0088219,0.0264657,0.0088219
121,10065.5,1.00734,1.00792,1.37946,0.01906,0.85972,0.82752,0.86705,0.68656,0.89628,0.81848,1.37816,0.0189,0.026436,0.008812,0.026436,0.008812,0.026436,0.008812,0.026436,0.008812
122,10150.9,1.0029,1.01428,1.38141,0.01995,0.88126,0.80534,0.86817,0.6896,0.89652,0.81439,1.37484,0.01894,0.0264063,0.0088021,0.0264063,0.0088021,0.0264063,0.0088021,0.0264063,0.0088021
123,10236.2,0.99997,1.01058,1.37738,0.0192,0.86801,0.81524,0.86603,0.68621,0.90962,0.82955,1.38236,0.01916,0.0263766,0.0087922,0.0263766,0.0087922,0.0263766,0.0087922,0.0263766,0.0087922
124,10321.9,1.00939,1.00985,1.37551,0.01881,0.87742,0.81388,0.86665,0.68357,0.905,0.81399,1.38445,0.01921,0.0263469,0.0087823,0.0263469,0.0087823,0.0263469,0.0087823,0.0263469,0.0087823
125,10407.3,0.99678,1.002,1.37159,0.01885,0.88201,0.81081,0.86935,0.6912,0.88795,0.7945,1.36938,0.01927,0.0263172,0.0087724,0.0263172,0.0087724,0.0263172,0.0087724,0.0263172,0.0087724
126,10491.8,1.00497,1.0147,1.3781,0.01907,0.87787,0.812,0.87041,0.69089,0.89056,0.80901,1.36441,0.01849,0.0262875,0.0087625,0.0262875,0.0087625,0.0262875,0.0087625,0.0262875,0.0087625
127,10577,0.99487,0.99992,1.36919,0.01992,0.86382,0.82015,0.86592,0.68193,0.90293,0.82521,1.38152,0.019,0.0262578,0.0087526,0.0262578,0.0087526,0.0262578,0.0087526,0.0262578,0.0087526
128,10661.8,0.98246,0.99153,1.36331,0.01835,0.87008,0.8216,0.86896,0.69199,0.88709,0.80686,1.36111,0.01857,0.0262281,0.0087427,0.0262281,0.0087427,0.0262281,0.0087427,0.0262281,0.0087427
129,10746.6,0.99488,0.99565,1.36362,0.01883,0.87198,0.81743,0.86932,0.68876,0.88799,0.81252,1.35778,0.01946,0.0261984,0.0087328,0.0261984,0.0087328,0.0261984,0.0087328,0.0261984,0.0087328
130,10832.9,0.98572,0.99144,1.36174,0.01877,0.87127,0.81881,0.87156,0.69113,0.88767,0.79558,1.36582,0.01961,0.0261687,0.0087229,0.0261687,0.0087229,0.0261687,0.0087229,0.0261687,0.0087229
131,10919,0.99979,1.01428,1.3741,0.01949,0.87644,0.8137,0.87098,0.69277,0.89335,0.80178,1.37132,0.01928,0.026139,0.008713,0.026139,0.008713,0.026139,0.008713,0.026139,0.008713
132,11003.9,0.99811,1.00058,1.36694,0.01816,0.87783,0.81666,0.87554,0.69788,0.86909,0.77334,1.34181,0.01867,0.0261093,0.0087031,0.0261093,0.0087031,0.0261093,0.0087031,0.0261093,0.0087031
133,11089.5,0.98531,0.98408,1.35787,0.01894,0.88607,0.80654,0.87218,0.69284,0.87351,0.79151,1.34864,0.01914,0.0260796,0.0086932,0.0260796,0.0086932,0.0260796,0.0086932,0.0260796,0.0086932
134,11175.4,0.99821,1.00461,1.36955,0.01851,0.87988,0.82997,0.87454,0.69929,0.87436,0.78082,1.34568,0.01872,0.0260499,0.0086833,0.0260499,0.0086833,0.0260499,0.0086833,0.0260499,0.0086833
135,11259.8,0.98302,0.98447,1.35902,0.01862,0.86392,0.82851,0.87524,0.69889,0.8725,0.77625,1.34818,0.01906,0.0260202,0.0086734,0.0260202,0.0086734,0.0260202,0.0086734,0.0260202,0.0086734
136,11344,0.97865,0.97578,1.35376,0.01827,0.88487,0.82414,0.8773,0.70575,0.86197,0.76329,1.34032,0.0183,0.0259905,0.0086635,0.0259905,0.0086635,0.0259905,0.0086635,0.0259905,0.0086635
137,11429.9,0.97633,0.98299,1.35685,0.01841,0.88886,0.82385,0.87845,0.70478,0.86587,0.77168,1.34414,0.01845,0.0259608,0.0086536,0.0259608,0.0086536,0.0259608,0.0086536,0.0259608,0.0086536
138,11513.4,0.98129,0.98686,1.35304,0.01798,0.88557,0.8154,0.87939,0.70592,0.86359,0.77625,1.3456,0.01774,0.0259311,0.0086437,0.0259311,0.0086437,0.0259311,0.0086437,0.0259311,0.0086437
139,11598.6,0.98878,0.98419,1.36277,0.01905,0.88126,0.82504,0.87982,0.71006,0.87266,0.77119,1.3507,0.01833,0.0259014,0.0086338,0.0259014,0.0086338,0.0259014,0.0086338,0.0259014,0.0086338
140,11684.5,0.97594,0.97921,1.3522,0.01774,0.87227,0.83154,0.8767,0.7061,0.876,0.77818,1.35481,0.01881,0.0258717,0.0086239,0.0258717,0.0086239,0.0258717,0.0086239,0.0258717,0.0086239
141,11768.5,0.97481,0.9682,1.35132,0.01849,0.87336,0.83159,0.87928,0.70851,0.86392,0.77199,1.34316,0.01881,0.025842,0.008614,0.025842,0.008614,0.025842,0.008614,0.025842,0.008614
142,11854.1,0.97378,0.97874,1.35247,0.0181,0.87524,0.8291,0.87757,0.70996,0.8577,0.76552,1.33628,0.01819,0.0258123,0.0086041,0.0258123,0.0086041,0.0258123,0.0086041,0.0258123,0.0086041
143,11939.6,0.96899,0.96233,1.34479,0.01868,0.87555,0.83399,0.87742,0.70784,0.86029,0.7704,1.33971,0.01791,0.0257826,0.0085942,0.0257826,0.0085942,0.0257826,0.0085942,0.0257826,0.0085942
144,12024,0.97002,0.95511,1.34849,0.01794,0.88454,0.82436,0.87823,0.7084,0.84868,0.76273,1.32887,0.01796,0.0257529,0.0085843,0.0257529,0.0085843,0.0257529,0.0085843,0.0257529,0.0085843
145,12108.9,0.97277,0.97576,1.34754,0.01832,0.87148,0.83327,0.87709,0.70897,0.84927,0.77058,1.32769,0.01867,0.0257232,0.0085744,0.0257232,0.0085744,0.0257232,0.0085744,0.0257232,0.0085744
146,12194.3,0.97289,0.96884,1.34958,0.0184,0.87423,0.82353,0.87531,0.70712,0.85694,0.77899,1.33489,0.01924,0.0256935,0.0085645,0.0256935,0.0085645,0.0256935,0.0085645,0.0256935,0.0085645
147,12278.9,0.9692,0.97134,1.34562,0.01829,0.88137,0.8255,0.87993,0.71122,0.84638,0.76698,1.32606,0.01884,0.0256638,0.0085546,0.0256638,0.0085546,0.0256638,0.0085546,0.0256638,0.0085546
148,12365.1,0.97426,0.9632,1.34041,0.01867,0.88373,0.81721,0.87989,0.71181,0.84675,0.76603,1.32524,0.0189,0.0256341,0.0085447,0.0256341,0.0085447,0.0256341,0.0085447,0.0256341,0.0085447
149,12451.2,0.96221,0.9581,1.3375,0.01837,0.87686,0.83513,0.8812,0.71644,0.83528,0.74997,1.31583,0.01836,0.0256044,0.0085348,0.0256044,0.0085348,0.0256044,0.0085348,0.0256044,0.0085348
150,12536.9,0.96164,0.95589,1.3392,0.01743,0.87822,0.8363,0.88151,0.71594,0.83597,0.75428,1.31717,0.01823,0.0255747,0.0085249,0.0255747,0.0085249,0.0255747,0.0085249,0.0255747,0.0085249
151,12621.7,0.96071,0.95912,1.33596,0.01741,0.88374,0.82956,0.88024,0.71726,0.83642,0.75421,1.31801,0.01789,0.025545,0.008515,0.025545,0.008515,0.025545,0.008515,0.025545,0.008515
152,12707.8,0.9662,0.96455,1.34496,0.01869,0.87953,0.83764,0.88366,0.71802,0.83518,0.73731,1.31538,0.01764,0.0255153,0.0085051,0.0255153,0.0085051,0.0255153,0.0085051,0.0255153,0.0085051
153,12794.2,0.96946,0.96337,1.34411,0.01787,0.88297,0.83551,0.88601,0.71917,0.83681,0.73874,1.31529,0.01767,0.0254856,0.0084952,0.0254856,0.0084952,0.0254856,0.0084952,0.0254856,0.0084952
154,12878.6,0.96729,0.97067,1.33872,0.01697,0.88031,0.84251,0.88594,0.71589,0.84056,0.73531,1.31579,0.01857,0.0254559,0.0084853,0.0254559,0.0084853,0.0254559,0.0084853,0.0254559,0.0084853
155,12963.6,0.96258,0.95538,1.33392,0.0178,0.88265,0.84012,0.88815,0.7214,0.82886,0.72387,1.30737,0.01862,0.0254262,0.0084754,0.0254262,0.0084754,0.0254262,0.0084754,0.0254262,0.0084754
156,13049.6,0.96118,0.94448,1.33204,0.01807,0.87786,0.83585,0.88535,0.71889,0.83013,0.73503,1.31025,0.01811,0.0253965,0.0084655,0.0253965,0.0084655,0.0253965,0.0084655,0.0253965,0.0084655
157,13133.3,0.96494,0.95859,1.33656,0.01727,0.87851,0.83909,0.88386,0.71618,0.83053,0.74122,1.30958,0.01807,0.0253668,0.0084556,0.0253668,0.0084556,0.0253668,0.0084556,0.0253668,0.0084556
158,13218.4,0.95663,0.94576,1.33782,0.01831,0.88379,0.83123,0.88338,0.71652,0.83085,0.74185,1.30505,0.01863,0.0253371,0.0084457,0.0253371,0.0084457,0.0253371,0.0084457,0.0253371,0.0084457
159,13303.3,0.9463,0.93604,1.32228,0.01787,0.87247,0.83864,0.88388,0.71596,0.83323,0.73945,1.30739,0.01851,0.0253074,0.0084358,0.0253074,0.0084358,0.0253074,0.0084358,0.0253074,0.0084358
160,13388.2,0.95248,0.94402,1.33215,0.01814,0.87946,0.83554,0.88497,0.721,0.82683,0.73321,1.30593,0.01793,0.0252777,0.0084259,0.0252777,0.0084259,0.0252777,0.0084259,0.0252777,0.0084259
161,13473.5,0.95614,0.94653,1.33432,0.01766,0.89053,0.82713,0.88644,0.72137,0.82398,0.73577,1.30685,0.01771,0.025248,0.008416,0.025248,0.008416,0.025248,0.008416,0.025248,0.008416
162,13558.6,0.96153,0.95738,1.33829,0.01789,0.88552,0.82963,0.88291,0.72042,0.8232,0.73986,1.30675,0.01795,0.0252183,0.0084061,0.0252183,0.0084061,0.0252183,0.0084061,0.0252183,0.0084061
163,13641.8,0.95365,0.93374,1.32602,0.0183,0.88749,0.83317,0.88105,0.71617,0.82638,0.74716,1.30596,0.0181,0.0251886,0.0083962,0.0251886,0.0083962,0.0251886,0.0083962,0.0251886,0.0083962
164,13726.9,0.95349,0.92938,1.32283,0.01783,0.8953,0.82714,0.88116,0.7194,0.82159,0.74171,1.30281,0.0177,0.0251589,0.0083863,0.0251589,0.0083863,0.0251589,0.0083863,0.0251589,0.0083863
165,13812.1,0.94655,0.93541,1.32055,0.01717,0.89128,0.82982,0.88552,0.72116,0.81627,0.73043,1.29794,0.01707,0.0251292,0.0083764,0.0251292,0.0083764,0.0251292,0.0083764,0.0251292,0.0083764
166,13896.7,0.951,0.93668,1.32681,0.01842,0.88904,0.83173,0.88576,0.72421,0.81405,0.72403,1.2926,0.01783,0.0250995,0.0083665,0.0250995,0.0083665,0.0250995,0.0083665,0.0250995,0.0083665
167,13982.5,0.95427,0.93595,1.32876,0.01788,0.8782,0.84424,0.88743,0.72788,0.80933,0.72779,1.28859,0.01797,0.0250698,0.0083566,0.0250698,0.0083566,0.0250698,0.0083566,0.0250698,0.0083566
168,14068.9,0.95846,0.94292,1.33005,0.01818,0.88907,0.84188,0.88665,0.72701,0.81226,0.72782,1.28984,0.01782,0.0250401,0.0083467,0.0250401,0.0083467,0.0250401,0.0083467,0.0250401,0.0083467
169,14153.6,0.94804,0.94031,1.33097,0.01786,0.89425,0.82999,0.88606,0.72415,0.81602,0.72688,1.29493,0.01865,0.0250104,0.0083368,0.0250104,0.0083368,0.0250104,0.0083368,0.0250104,0.0083368
170,14237.4,0.93576,0.9317,1.31691,0.01723,0.88907,0.8351,0.88572,0.72449,0.81133,0.72454,1.29051,0.01781,0.0249807,0.0083269,0.0249807,0.0083269,0.0249807,0.0083269,0.0249807,0.0083269
171,14322.5,0.95423,0.94102,1.3267,0.01739,0.88095,0.84615,0.88646,0.72448,0.80844,0.72141,1.28674,0.01712,0.024951,0.008317,0.024951,0.008317,0.024951,0.008317,0.024951,0.008317
172,14406.9,0.9465,0.92969,1.321,0.0175,0.87462,0.84671,0.88708,0.72572,0.80528,0.72033,1.2835,0.01749,0.0249213,0.0083071,0.0249213,0.0083071,0.0249213,0.0083071,0.0249213,0.0083071
173,14492.2,0.93591,0.92343,1.32117,0.01678,0.8854,0.83801,0.88554,0.7241,0.80254,0.71854,1.28386,0.01747,0.0248916,0.0082972,0.0248916,0.0082972,0.0248916,0.0082972,0.0248916,0.0082972
174,14578.3,0.94277,0.9265,1.31982,0.01783,0.88524,0.84081,0.88509,0.72718,0.79926,0.72105,1.27973,0.01754,0.0248619,0.0082873,0.0248619,0.0082873,0.0248619,0.0082873,0.0248619,0.0082873
175,14664.3,0.94616,0.93025,1.31712,0.01806,0.88044,0.84773,0.88447,0.72702,0.80202,0.71962,1.28206,0.01777,0.0248322,0.0082774,0.0248322,0.0082774,0.0248322,0.0082774,0.0248322,0.0082774
176,14748.7,0.93673,0.92035,1.30907,0.01678,0.88182,0.84878,0.88632,0.72683,0.79624,0.71802,1.27364,0.01781,0.0248025,0.0082675,0.0248025,0.0082675,0.0248025,0.0082675,0.0248025,0.0082675
177,14833.5,0.94872,0.92744,1.323,0.01797,0.89049,0.84481,0.88748,0.72756,0.79759,0.71439,1.27507,0.01754,0.0247728,0.0082576,0.0247728,0.0082576,0.0247728,0.0082576,0.0247728,0.0082576
178,14918.3,0.92989,0.91103,1.31129,0.01712,0.88857,0.84473,0.88656,0.72852,0.79701,0.71581,1.2755,0.01761,0.0247431,0.0082477,0.0247431,0.0082477,0.0247431,0.0082477,0.0247431,0.0082477
179,15001.9,0.93732,0.92152,1.31274,0.01722,0.89523,0.83174,0.88691,0.72845,0.79472,0.7122,1.27315,0.01687,0.0247134,0.0082378,0.0247134,0.0082378,0.0247134,0.0082378,0.0247134,0.0082378
180,15087.4,0.93601,0.91251,1.31344,0.01702,0.89397,0.83661,0.88839,0.73164,0.79627,0.7108,1.27316,0.01734,0.0246837,0.0082279,0.0246837,0.0082279,0.0246837,0.0082279,0.0246837,0.0082279
181,15172.8,0.94495,0.93199,1.31819,0.01712,0.89347,0.83736,0.88775,0.73079,0.79984,0.71643,1.2794,0.01707,0.024654,0.008218,0.024654,0.008218,0.024654,0.008218,0.024654,0.008218
182,15257.3,0.93508,0.92164,1.31269,0.01765,0.88604,0.84422,0.88924,0.73226,0.79678,0.71199,1.27633,0.01682,0.0246243,0.0082081,0.0246243,0.0082081,0.0246243,0.0082081,0.0246243,0.0082081
183,15344.3,0.93479,0.91335,1.30556,0.01664,0.89121,0.84237,0.88981,0.73488,0.79533,0.7043,1.27699,0.01724,0.0245946,0.0081982,0.0245946,0.0081982,0.0245946,0.0081982,0.0245946,0.0081982
184,15430.5,0.94067,0.93581,1.3156,0.01779,0.8753,0.85758,0.89206,0.73659,0.79048,0.69595,1.27157,0.01731,0.0245649,0.0081883,0.0245649,0.0081883,0.0245649,0.0081883,0.0245649,0.0081883
185,15515.6,0.92692,0.92467,1.30968,0.01641,0.89173,0.8503,0.89229,0.73505,0.79049,0.69894,1.27032,0.01687,0.0245352,0.0081784,0.0245352,0.0081784,0.0245352,0.0081784,0.0245352,0.0081784
186,15601.2,0.93459,0.91057,1.30769,0.01723,0.88837,0.85078,0.89359,0.73663,0.78691,0.69794,1.26566,0.01741,0.0245055,0.0081685,0.0245055,0.0081685,0.0245055,0.0081685,0.0245055,0.0081685
187,15688,0.93324,0.90848,1.31302,0.01692,0.89869,0.84325,0.89347,0.73658,0.78901,0.69788,1.26593,0.01746,0.0244758,0.0081586,0.0244758,0.0081586,0.0244758,0.0081586,0.0244758,0.0081586
188,15774.1,0.92078,0.89552,1.29621,0.01683,0.89598,0.84364,0.89389,0.73611,0.7866,0.69626,1.26414,0.01715,0.0244461,0.0081487,0.0244461,0.0081487,0.0244461,0.0081487,0.0244461,0.0081487
189,15859,0.92914,0.89845,1.30083,0.01747,0.9029,0.84043,0.89469,0.73544,0.78389,0.69366,1.26067,0.01671,0.0244164,0.0081388,0.0244164,0.0081388,0.0244164,0.0081388,0.0244164,0.0081388
190,15945.6,0.92241,0.90463,1.30193,0.01662,0.89389,0.84585,0.89479,0.73745,0.78329,0.69494,1.25905,0.01698,0.0243867,0.0081289,0.0243867,0.0081289,0.0243867,0.0081289,0.0243867,0.0081289
191,16032.3,0.92612,0.90365,1.30285,0.01725,0.89189,0.84886,0.89523,0.73841,0.78144,0.69388,1.25719,0.01693,0.024357,0.008119,0.024357,0.008119,0.024357,0.008119,0.024357,0.008119
192,16117.6,0.93348,0.91581,1.31416,0.01716,0.90218,0.84383,0.89411,0.73784,0.78286,0.69862,1.25713,0.0177,0.0243273,0.0081091,0.0243273,0.0081091,0.0243273,0.0081091,0.0243273,0.0081091
193,16202.5,0.92593,0.90631,1.30171,0.0164,0.9,0.84601,0.89347,0.73949,0.78056,0.69611,1.25376,0.01717,0.0242976,0.0080992,0.0242976,0.0080992,0.0242976,0.0080992,0.0242976,0.0080992
194,16288.4,0.92044,0.90722,1.293,0.017,0.89669,0.84947,0.89431,0.73938,0.77928,0.69455,1.25394,0.01711,0.0242679,0.0080893,0.0242679,0.0080893,0.0242679,0.0080893,0.0242679,0.0080893
195,16373.9,0.91551,0.89301,1.29333,0.01679,0.89471,0.85272,0.89279,0.73736,0.78212,0.69795,1.25932,0.0169,0.0242382,0.0080794,0.0242382,0.0080794,0.0242382,0.0080794,0.0242382,0.0080794
196,16458.3,0.91927,0.89556,1.30212,0.0166,0.899,0.85033,0.89271,0.73946,0.77791,0.6947,1.25614,0.01633,0.0242085,0.0080695,0.0242085,0.0080695,0.0242085,0.0080695,0.0242085,0.0080695
197,16542.9,0.92112,0.89033,1.29159,0.01763,0.89796,0.84972,0.89354,0.73993,0.77679,0.69313,1.25477,0.0166,0.0241788,0.0080596,0.0241788,0.0080596,0.0241788,0.0080596,0.0241788,0.0080596
198,16628.4,0.92455,0.8985,1.29793,0.01723,0.89714,0.8513,0.89408,0.74091,0.77428,0.6887,1.25026,0.01651,0.0241491,0.0080497,0.0241491,0.0080497,0.0241491,0.0080497,0.0241491,0.0080497
199,16713.2,0.92559,0.9014,1.29651,0.01709,0.8911,0.85216,0.89417,0.74027,0.77388,0.6905,1.24972,0.01674,0.0241194,0.0080398,0.0241194,0.0080398,0.0241194,0.0080398,0.0241194,0.0080398
200,16798.3,0.91589,0.89743,1.29226,0.01715,0.89419,0.84657,0.89399,0.74085,0.77689,0.6929,1.25272,0.01721,0.0240897,0.0080299,0.0240897,0.0080299,0.0240897,0.0080299,0.0240897,0.0080299
201,16884.2,0.91932,0.89193,1.29275,0.0168,0.89753,0.84797,0.89454,0.74169,0.77463,0.68792,1.25088,0.01697,0.02406,0.00802,0.02406,0.00802,0.02406,0.00802,0.02406,0.00802
202,16968.8,0.92334,0.91469,1.298,0.01672,0.89718,0.84886,0.89564,0.74203,0.77304,0.68491,1.24958,0.01716,0.0240303,0.0080101,0.0240303,0.0080101,0.0240303,0.0080101,0.0240303,0.0080101
203,17053.9,0.93032,0.9045,1.30328,0.01669,0.89307,0.85008,0.89646,0.74276,0.77154,0.68162,1.24739,0.01739,0.0240006,0.0080002,0.0240006,0.0080002,0.0240006,0.0080002,0.0240006,0.0080002
204,17139.7,0.91718,0.89173,1.29603,0.01705,0.89307,0.85138,0.89665,0.74345,0.76958,0.67963,1.24537,0.0175,0.0239709,0.0079903,0.0239709,0.0079903,0.0239709,0.0079903,0.0239709,0.0079903
205,17224.9,0.91595,0.89132,1.28927,0.01712,0.89714,0.84294,0.89658,0.74468,0.76904,0.6786,1.24528,0.01709,0.0239412,0.0079804,0.0239412,0.0079804,0.0239412,0.0079804,0.0239412,0.0079804
206,17311.2,0.91385,0.87879,1.2873,0.01722,0.8954,0.84459,0.8962,0.74537,0.76896,0.6796,1.24547,0.01725,0.0239115,0.0079705,0.0239115,0.0079705,0.0239115,0.0079705,0.0239115,0.0079705
207,17398.9,0.9072,0.87826,1.28631,0.01619,0.89569,0.84455,0.89669,0.74557,0.76773,0.67789,1.24519,0.01701,0.0238818,0.0079606,0.0238818,0.0079606,0.0238818,0.0079606,0.0238818,0.0079606
208,17486.4,0.90116,0.87381,1.28513,0.01649,0.88621,0.85559,0.89663,0.74403,0.76655,0.67675,1.24495,0.01702,0.0238521,0.0079507,0.0238521,0.0079507,0.0238521,0.0079507,0.0238521,0.0079507
209,17573.2,0.91845,0.88862,1.29019,0.01725,0.88575,0.85416,0.89599,0.7435,0.76792,0.67855,1.24564,0.01709,0.0238224,0.0079408,0.0238224,0.0079408,0.0238224,0.0079408,0.0238224,0.0079408
210,17658.2,0.90526,0.88272,1.28396,0.01578,0.89096,0.85356,0.89615,0.74404,0.76618,0.67631,1.24414,0.01701,0.0237927,0.0079309,0.0237927,0.0079309,0.0237927,0.0079309,0.0237927,0.0079309
211,17745.7,0.91128,0.89017,1.2837,0.01628,0.89172,0.85629,0.89814,0.74554,0.76382,0.67209,1.2422,0.01679,0.023763,0.007921,0.023763,0.007921,0.023763,0.007921,0.023763,0.007921
212,17832.7,0.90155,0.87361,1.28452,0.01566,0.89272,0.85703,0.89723,0.74487,0.76273,0.67104,1.24014,0.01689,0.0237333,0.0079111,0.0237333,0.0079111,0.0237333,0.0079111,0.0237333,0.0079111
213,17921.4,0.89685,0.87715,1.27965,0.01646,0.89262,0.85499,0.89681,0.74595,0.76172,0.66963,1.23895,0.01641,0.0237036,0.0079012,0.0237036,0.0079012,0.0237036,0.0079012,0.0237036,0.0079012
214,18009,0.90316,0.87257,1.28269,0.01646,0.88875,0.85952,0.89745,0.74647,0.76015,0.66793,1.23709,0.016,0.0236739,0.0078913,0.0236739,0.0078913,0.0236739,0.0078913,0.0236739,0.0078913
215,18095.9,0.90253,0.87032,1.2754,0.01645,0.89361,0.85629,0.89733,0.74783,0.75675,0.66679,1.23357,0.01608,0.0236442,0.0078814,0.0236442,0.0078814,0.0236442,0.0078814,0.0236442,0.0078814
216,18184.3,0.90599,0.88471,1.28721,0.01603,0.88805,0.86007,0.89739,0.7485,0.75629,0.66737,1.23275,0.01614,0.0236145,0.0078715,0.0236145,0.0078715,0.0236145,0.0078715,0.0236145,0.0078715
217,18272.2,0.90922,0.88282,1.2877,0.01575,0.88317,0.86579,0.89857,0.74934,0.75529,0.66657,1.23084,0.01607,0.0235848,0.0078616,0.0235848,0.0078616,0.0235848,0.0078616,0.0235848,0.0078616
218,18359.9,0.89488,0.88257,1.27711,0.01583,0.89864,0.85483,0.89859,0.75032,0.75316,0.66376,1.22826,0.01608,0.0235551,0.0078517,0.0235551,0.0078517,0.0235551,0.0078517,0.0235551,0.0078517
219,18447.2,0.8961,0.86954,1.27571,0.01637,0.89694,0.85808,0.8989,0.75101,0.74993,0.66174,1.22484,0.01608,0.0235254,0.0078418,0.0235254,0.0078418,0.0235254,0.0078418,0.0235254,0.0078418
220,18540.9,0.89804,0.87117,1.27328,0.01573,0.89163,0.85802,0.89879,0.75154,0.75045,0.66223,1.22517,0.01621,0.0234957,0.0078319,0.0234957,0.0078319,0.0234957,0.0078319,0.0234957,0.0078319
221,18628.4,0.90778,0.88922,1.28727,0.01628,0.89541,0.85579,0.89887,0.7531,0.74854,0.66207,1.22353,0.01598,0.023466,0.007822,0.023466,0.007822,0.023466,0.007822,0.023466,0.007822
222,18715.8,0.89663,0.87866,1.27691,0.01616,0.89703,0.857,0.8988,0.75267,0.7508,0.66353,1.22465,0.01626,0.0234363,0.0078121,0.0234363,0.0078121,0.0234363,0.0078121,0.0234363,0.0078121
223,18802.8,0.89221,0.87188,1.27115,0.01553,0.89051,0.8641,0.89881,0.75184,0.75078,0.6622,1.22422,0.01632,0.0234066,0.0078022,0.0234066,0.0078022,0.0234066,0.0078022,0.0234066,0.0078022
224,18890.9,0.8933,0.85585,1.27167,0.01654,0.89829,0.86079,0.89905,0.75205,0.74964,0.66243,1.22315,0.01618,0.0233769,0.0077923,0.0233769,0.0077923,0.0233769,0.0077923,0.0233769,0.0077923
225,18978.8,0.9002,0.87521,1.2781,0.0162,0.90315,0.85809,0.89947,0.7531,0.74792,0.66158,1.22263,0.01586,0.0233472,0.0077824,0.0233472,0.0077824,0.0233472,0.0077824,0.0233472,0.0077824
226,19067.5,0.89943,0.87216,1.276,0.01574,0.90036,0.86192,0.89941,0.75379,0.74587,0.65909,1.22063,0.01616,0.0233175,0.0077725,0.0233175,0.0077725,0.0233175,0.0077725,0.0233175,0.0077725
227,19155.5,0.89442,0.86036,1.27706,0.01599,0.90203,0.86191,0.90029,0.75362,0.74452,0.65753,1.21874,0.0162,0.0232878,0.0077626,0.0232878,0.0077626,0.0232878,0.0077626,0.0232878,0.0077626
228,19242.2,0.89748,0.86007,1.27344,0.01607,0.90738,0.85879,0.89968,0.754,0.74377,0.65796,1.21847,0.01621,0.0232581,0.0077527,0.0232581,0.0077527,0.0232581,0.0077527,0.0232581,0.0077527
229,19331.3,0.91024,0.88285,1.29071,0.01649,0.90204,0.86103,0.90028,0.75474,0.74383,0.65801,1.21987,0.01645,0.0232284,0.0077428,0.0232284,0.0077428,0.0232284,0.0077428,0.0232284,0.0077428
230,19419.5,0.89653,0.86782,1.27272,0.01596,0.89546,0.86226,0.89991,0.7551,0.74357,0.6583,1.22011,0.0162,0.0231987,0.0077329,0.0231987,0.0077329,0.0231987,0.0077329,0.0231987,0.0077329
231,19508.6,0.89709,0.87024,1.27546,0.01604,0.89469,0.86186,0.8999,0.75414,0.7424,0.65876,1.21922,0.01581,0.023169,0.007723,0.023169,0.007723,0.023169,0.007723,0.023169,0.007723
232,19597,0.89015,0.85691,1.26477,0.01601,0.90257,0.85824,0.90002,0.75491,0.74166,0.65629,1.21825,0.01586,0.0231393,0.0077131,0.0231393,0.0077131,0.0231393,0.0077131,0.0231393,0.0077131
233,19684.2,0.89015,0.85826,1.26884,0.01614,0.90566,0.8557,0.89983,0.75415,0.74208,0.65637,1.21888,0.01566,0.0231096,0.0077032,0.0231096,0.0077032,0.0231096,0.0077032,0.0231096,0.0077032
234,19771.4,0.89741,0.86749,1.26938,0.01585,0.90166,0.85634,0.89976,0.75547,0.74064,0.65548,1.21724,0.01571,0.0230799,0.0076933,0.0230799,0.0076933,0.0230799,0.0076933,0.0230799,0.0076933
235,19860.1,0.89858,0.8604,1.27214,0.01651,0.90331,0.85787,0.90009,0.75465,0.74065,0.65681,1.217,0.01598,0.0230502,0.0076834,0.0230502,0.0076834,0.0230502,0.0076834,0.0230502,0.0076834
236,19948.4,0.89233,0.86773,1.27498,0.016,0.90325,0.85817,0.89964,0.75505,0.7399,0.65678,1.21676,0.01586,0.0230205,0.0076735,0.0230205,0.0076735,0.0230205,0.0076735,0.0230205,0.0076735
237,20035.8,0.88799,0.84698,1.26513,0.01603,0.9071,0.85498,0.90006,0.75563,0.74003,0.6561,1.21661,0.01571,0.0229908,0.0076636,0.0229908,0.0076636,0.0229908,0.0076636,0.0229908,0.0076636
238,20126.9,0.89503,0.87512,1.27333,0.01569,0.90949,0.85841,0.89994,0.75565,0.7397,0.65644,1.21644,0.01582,0.0229611,0.0076537,0.0229611,0.0076537,0.0229611,0.0076537,0.0229611,0.0076537
239,20219.8,0.88039,0.85207,1.2671,0.01647,0.90667,0.85684,0.8994,0.75581,0.73906,0.65605,1.21556,0.01606,0.0229314,0.0076438,0.0229314,0.0076438,0.0229314,0.0076438,0.0229314,0.0076438
240,20308.9,0.88492,0.86011,1.26709,0.01517,0.90751,0.85398,0.89958,0.75563,0.73898,0.65421,1.21516,0.01577,0.0229017,0.0076339,0.0229017,0.0076339,0.0229017,0.0076339,0.0229017,0.0076339
241,20394.3,0.88736,0.85658,1.26232,0.01554,0.90794,0.85377,0.90037,0.7563,0.73864,0.65173,1.21426,0.01605,0.022872,0.007624,0.022872,0.007624,0.022872,0.007624,0.022872,0.007624
242,20481.5,0.88485,0.85798,1.26643,0.01571,0.9067,0.85359,0.90063,0.75697,0.7378,0.65178,1.21392,0.01588,0.0228423,0.0076141,0.0228423,0.0076141,0.0228423,0.0076141,0.0228423,0.0076141
243,20568.1,0.88549,0.85466,1.27343,0.01658,0.90232,0.85617,0.90033,0.75739,0.73844,0.65289,1.21439,0.01572,0.0228126,0.0076042,0.0228126,0.0076042,0.0228126,0.0076042,0.0228126,0.0076042
244,20654.9,0.88124,0.8495,1.26204,0.01583,0.90395,0.85596,0.9006,0.75742,0.73774,0.65173,1.21389,0.01548,0.0227829,0.0075943,0.0227829,0.0075943,0.0227829,0.0075943,0.0227829,0.0075943
245,20741.2,0.88418,0.84718,1.25981,0.01669,0.90552,0.85445,0.90051,0.75666,0.73728,0.65136,1.21406,0.01534,0.0227532,0.0075844,0.0227532,0.0075844,0.0227532,0.0075844,0.0227532,0.0075844
246,20826.9,0.89028,0.8551,1.26597,0.01628,0.90629,0.85508,0.90078,0.75636,0.73676,0.64968,1.2131,0.01544,0.0227235,0.0075745,0.0227235,0.0075745,0.0227235,0.0075745,0.0227235,0.0075745
247,20913.7,0.88818,0.86429,1.26715,0.01581,0.90946,0.85563,0.90203,0.75736,0.73683,0.6482,1.2128,0.01555,0.0226938,0.0075646,0.0226938,0.0075646,0.0226938,0.0075646,0.0226938,0.0075646
248,20999.3,0.87802,0.84955,1.25741,0.0149,0.90678,0.85841,0.90194,0.75753,0.73697,0.64821,1.21229,0.01535,0.0226641,0.0075547,0.0226641,0.0075547,0.0226641,0.0075547,0.0226641,0.0075547
249,21086,0.88724,0.84686,1.26149,0.01643,0.90701,0.85675,0.90202,0.75809,0.73621,0.64789,1.21205,0.01531,0.0226344,0.0075448,0.0226344,0.0075448,0.0226344,0.0075448,0.0226344,0.0075448
250,21173.5,0.88356,0.84277,1.25529,0.01524,0.91291,0.85194,0.90219,0.75799,0.73612,0.64741,1.21133,0.01541,0.0226047,0.0075349,0.0226047,0.0075349,0.0226047,0.0075349,0.0226047,0.0075349
251,21259.5,0.87249,0.82836,1.25054,0.0155,0.91495,0.85221,0.90216,0.7575,0.73619,0.64751,1.21118,0.0155,0.022575,0.007525,0.022575,0.007525,0.022575,0.007525,0.022575,0.007525
252,21343.9,0.87805,0.8349,1.25479,0.01484,0.91245,0.85489,0.90266,0.75759,0.73553,0.64652,1.21016,0.01537,0.0225453,0.0075151,0.0225453,0.0075151,0.0225453,0.0075151,0.0225453,0.0075151
253,21429.2,0.88027,0.84454,1.26192,0.01564,0.91512,0.8535,0.90253,0.75769,0.73515,0.64611,1.20939,0.01547,0.0225156,0.0075052,0.0225156,0.0075052,0.0225156,0.0075052,0.0225156,0.0075052
254,21515.3,0.87611,0.83967,1.25357,0.0152,0.91695,0.85218,0.90271,0.75784,0.73404,0.6459,1.20781,0.01558,0.0224859,0.0074953,0.0224859,0.0074953,0.0224859,0.0074953,0.0224859,0.0074953
255,21599.6,0.87985,0.83898,1.25664,0.01595,0.91814,0.85257,0.90318,0.75826,0.73359,0.64586,1.20755,0.01551,0.0224562,0.0074854,0.0224562,0.0074854,0.0224562,0.0074854,0.0224562,0.0074854
256,21686.1,0.87022,0.83364,1.25239,0.01522,0.91352,0.85551,0.90363,0.75811,0.73325,0.64535,1.20709,0.01555,0.0224265,0.0074755,0.0224265,0.0074755,0.0224265,0.0074755,0.0224265,0.0074755
257,21772,0.87437,0.83994,1.25671,0.01541,0.91212,0.85604,0.90298,0.75813,0.73245,0.64429,1.20605,0.0156,0.0223968,0.0074656,0.0223968,0.0074656,0.0223968,0.0074656,0.0223968,0.0074656
258,21857.9,0.87903,0.83832,1.2577,0.01589,0.91216,0.85578,0.90322,0.75831,0.73158,0.64321,1.20508,0.01572,0.0223671,0.0074557,0.0223671,0.0074557,0.0223671,0.0074557,0.0223671,0.0074557
259,21943.7,0.87597,0.83436,1.25205,0.01555,0.91389,0.85405,0.90292,0.75893,0.73103,0.64328,1.20483,0.01565,0.0223374,0.0074458,0.0223374,0.0074458,0.0223374,0.0074458,0.0223374,0.0074458
260,22030.2,0.86597,0.82206,1.24796,0.0154,0.91335,0.85396,0.90269,0.75892,0.72998,0.64323,1.20397,0.01565,0.0223077,0.0074359,0.0223077,0.0074359,0.0223077,0.0074359,0.0223077,0.0074359
261,22116.8,0.87598,0.83527,1.25415,0.01535,0.91203,0.85518,0.90386,0.75916,0.72916,0.64262,1.20313,0.01566,0.022278,0.007426,0.022278,0.007426,0.022278,0.007426,0.022278,0.007426
262,22203.7,0.86753,0.83075,1.24978,0.01599,0.90534,0.86056,0.90329,0.76056,0.72822,0.64141,1.20237,0.01546,0.0222483,0.0074161,0.0222483,0.0074161,0.0222483,0.0074161,0.0222483,0.0074161
263,22290.6,0.86727,0.83401,1.2521,0.01501,0.90283,0.86192,0.90375,0.76102,0.72751,0.64129,1.20202,0.01552,0.0222186,0.0074062,0.0222186,0.0074062,0.0222186,0.0074062,0.0222186,0.0074062
264,22377.5,0.86418,0.8324,1.24927,0.01558,0.90574,0.86066,0.9034,0.76087,0.72736,0.64089,1.20198,0.01537,0.0221889,0.0073963,0.0221889,0.0073963,0.0221889,0.0073963,0.0221889,0.0073963
265,22464.1,0.86889,0.82832,1.24743,0.0144,0.90315,0.86216,0.90338,0.75917,0.72657,0.64008,1.2013,0.01552,0.0221592,0.0073864,0.0221592,0.0073864,0.0221592,0.0073864,0.0221592,0.0073864
266,22550.2,0.8659,0.82771,1.25175,0.01525,0.90506,0.86062,0.90373,0.76028,0.72581,0.64005,1.20078,0.01565,0.0221295,0.0073765,0.0221295,0.0073765,0.0221295,0.0073765,0.0221295,0.0073765
267,22635.4,0.86725,0.82632,1.24979,0.01568,0.90549,0.86095,0.90401,0.76081,0.72462,0.63957,1.19971,0.01558,0.0220998,0.0073666,0.0220998,0.0073666,0.0220998,0.0073666,0.0220998,0.0073666
268,22721.4,0.86909,0.83226,1.25414,0.01569,0.90567,0.86049,0.90427,0.76057,0.72413,0.63921,1.19893,0.01556,0.0220701,0.0073567,0.0220701,0.0073567,0.0220701,0.0073567,0.0220701,0.0073567
269,22807.2,0.87053,0.83313,1.24946,0.01531,0.90516,0.85951,0.9038,0.76067,0.72363,0.63832,1.19839,0.01558,0.0220404,0.0073468,0.0220404,0.0073468,0.0220404,0.0073468,0.0220404,0.0073468
270,22894.3,0.86622,0.82683,1.2449,0.0155,0.9067,0.85895,0.90385,0.76024,0.7225,0.63717,1.19757,0.01572,0.0220107,0.0073369,0.0220107,0.0073369,0.0220107,0.0073369,0.0220107,0.0073369
271,22980.5,0.87122,0.834,1.24682,0.01588,0.90678,0.85825,0.90399,0.75987,0.72171,0.63683,1.19694,0.01567,0.021981,0.007327,0.021981,0.007327,0.021981,0.007327,0.021981,0.007327
272,23068.3,0.87016,0.83413,1.24765,0.01498,0.90616,0.8587,0.90395,0.76028,0.72132,0.63596,1.19634,0.01558,0.0219513,0.0073171,0.0219513,0.0073171,0.0219513,0.0073171,0.0219513,0.0073171
273,23155.9,0.86145,0.81882,1.24461,0.01465,0.90837,0.85762,0.90469,0.76017,0.72061,0.6355,1.19559,0.01552,0.0219216,0.0073072,0.0219216,0.0073072,0.0219216,0.0073072,0.0219216,0.0073072
274,23243.7,0.86321,0.82635,1.23897,0.01514,0.90595,0.85874,0.90521,0.76009,0.72091,0.6365,1.19583,0.01554,0.0218919,0.0072973,0.0218919,0.0072973,0.0218919,0.0072973,0.0218919,0.0072973
275,23331.7,0.8649,0.82283,1.24345,0.01479,0.89747,0.86521,0.90478,0.76053,0.7202,0.63607,1.19521,0.01562,0.0218622,0.0072874,0.0218622,0.0072874,0.0218622,0.0072874,0.0218622,0.0072874
276,23418.3,0.8675,0.82712,1.24648,0.01492,0.89879,0.86277,0.90468,0.76152,0.72074,0.63701,1.19531,0.01571,0.0218325,0.0072775,0.0218325,0.0072775,0.0218325,0.0072775,0.0218325,0.0072775
277,23506.4,0.86715,0.83107,1.25038,0.0148,0.88857,0.87489,0.9049,0.76171,0.71974,0.63655,1.19427,0.01571,0.0218028,0.0072676,0.0218028,0.0072676,0.0218028,0.0072676,0.0218028,0.0072676
278,23594.2,0.85948,0.82297,1.24422,0.01498,0.88765,0.87671,0.90413,0.76185,0.71969,0.63643,1.19385,0.01555,0.0217731,0.0072577,0.0217731,0.0072577,0.0217731,0.0072577,0.0217731,0.0072577
279,23688,0.85533,0.81792,1.24618,0.01493,0.88878,0.87617,0.90421,0.76209,0.71898,0.63575,1.19328,0.01546,0.0217434,0.0072478,0.0217434,0.0072478,0.0217434,0.0072478,0.0217434,0.0072478
280,23776.4,0.86175,0.82247,1.24358,0.01545,0.88842,0.87589,0.90405,0.76189,0.71909,0.63623,1.19302,0.01536,0.0217137,0.0072379,0.0217137,0.0072379,0.0217137,0.0072379,0.0217137,0.0072379
281,23864.4,0.85358,0.80868,1.24139,0.01442,0.88883,0.87444,0.90412,0.7625,0.71851,0.63551,1.1924,0.0153,0.021684,0.007228,0.021684,0.007228,0.021684,0.007228,0.021684,0.007228
282,23951.5,0.8592,0.82562,1.24275,0.0148,0.88917,0.87459,0.90428,0.7627,0.7179,0.63479,1.19189,0.01526,0.0216543,0.0072181,0.0216543,0.0072181,0.0216543,0.0072181,0.0216543,0.0072181
283,24037.1,0.85559,0.81456,1.23959,0.01464,0.88976,0.87487,0.90454,0.76274,0.71705,0.63346,1.19141,0.01524,0.0216246,0.0072082,0.0216246,0.0072082,0.0216246,0.0072082,0.0216246,0.0072082
284,24123.5,0.85901,0.81859,1.24764,0.01474,0.88957,0.87629,0.90474,0.76365,0.71679,0.63323,1.19144,0.01526,0.0215949,0.0071983,0.0215949,0.0071983,0.0215949,0.0071983,0.0215949,0.0071983
285,24210.2,0.85505,0.80687,1.23628,0.01568,0.89009,0.87562,0.90506,0.76282,0.71659,0.63248,1.19177,0.01521,0.0215652,0.0071884,0.0215652,0.0071884,0.0215652,0.0071884,0.0215652,0.0071884
286,24295.8,0.86021,0.82798,1.24215,0.01473,0.89016,0.87645,0.90547,0.76329,0.71619,0.6315,1.19157,0.01528,0.0215355,0.0071785,0.0215355,0.0071785,0.0215355,0.0071785,0.0215355,0.0071785
287,24381.3,0.86137,0.82038,1.24397,0.01474,0.88984,0.87503,0.90566,0.76438,0.71588,0.6313,1.19127,0.01534,0.0215058,0.0071686,0.0215058,0.0071686,0.0215058,0.0071686,0.0215058,0.0071686
288,24471.5,0.85868,0.80961,1.24237,0.01496,0.88857,0.87714,0.90612,0.7647,0.71523,0.63116,1.19059,0.01533,0.0214761,0.0071587,0.0214761,0.0071587,0.0214761,0.0071587,0.0214761,0.0071587
289,24561.5,0.86105,0.81492,1.24209,0.01577,0.89095,0.87389,0.90614,0.76307,0.71489,0.63119,1.19037,0.0152,0.0214464,0.0071488,0.0214464,0.0071488,0.0214464,0.0071488,0.0214464,0.0071488
290,24648.1,0.86098,0.82943,1.24659,0.01554,0.89375,0.86938,0.90629,0.76383,0.71453,0.63087,1.18995,0.0153,0.0214167,0.0071389,0.0214167,0.0071389,0.0214167,0.0071389,0.0214167,0.0071389
291,24732.9,0.8543,0.81537,1.23974,0.01522,0.90461,0.86146,0.90628,0.76407,0.71424,0.63031,1.18935,0.01519,0.021387,0.007129,0.021387,0.007129,0.021387,0.007129,0.021387,0.007129
292,24818.5,0.86063,0.80964,1.23977,0.01509,0.90631,0.86078,0.90632,0.76493,0.71427,0.62952,1.18911,0.01516,0.0213573,0.0071191,0.0213573,0.0071191,0.0213573,0.0071191,0.0213573,0.0071191
293,24905,0.85903,0.81505,1.23788,0.01501,0.90735,0.86057,0.90629,0.76457,0.71412,0.62889,1.18862,0.01511,0.0213276,0.0071092,0.0213276,0.0071092,0.0213276,0.0071092,0.0213276,0.0071092
294,24990.4,0.85857,0.81305,1.23943,0.01484,0.9093,0.86052,0.90648,0.76505,0.71342,0.62819,1.18775,0.01508,0.0212979,0.0070993,0.0212979,0.0070993,0.0212979,0.0070993,0.0212979,0.0070993
295,25076.3,0.85278,0.79984,1.22991,0.01482,0.90846,0.8617,0.90646,0.76585,0.71299,0.62751,1.18739,0.01513,0.0212682,0.0070894,0.0212682,0.0070894,0.0212682,0.0070894,0.0212682,0.0070894
296,25162.9,0.84638,0.80527,1.23348,0.01435,0.90799,0.86247,0.9065,0.76522,0.71297,0.62757,1.18721,0.01516,0.0212385,0.0070795,0.0212385,0.0070795,0.0212385,0.0070795,0.0212385,0.0070795
297,25249.6,0.8475,0.80545,1.22891,0.01499,0.90725,0.86304,0.90658,0.76552,0.7124,0.62657,1.18656,0.01519,0.0212088,0.0070696,0.0212088,0.0070696,0.0212088,0.0070696,0.0212088,0.0070696
298,25335.5,0.84756,0.80145,1.23076,0.01457,0.9055,0.86359,0.90656,0.76556,0.71214,0.62601,1.18642,0.01509,0.0211791,0.0070597,0.0211791,0.0070597,0.0211791,0.0070597,0.0211791,0.0070597
299,25421.9,0.83969,0.80196,1.22214,0.0143,0.90563,0.86338,0.90607,0.7655,0.71229,0.62558,1.18634,0.01515,0.0211494,0.0070498,0.0211494,0.0070498,0.0211494,0.0070498,0.0211494,0.0070498
300,25509.1,0.85227,0.80991,1.23112,0.014,0.9061,0.86305,0.90668,0.76566,0.71157,0.62527,1.18562,0.01522,0.0211197,0.0070399,0.0211197,0.0070399,0.0211197,0.0070399,0.0211197,0.0070399
301,25596.3,0.8533,0.82009,1.237,0.01446,0.90588,0.86348,0.90659,0.76577,0.7114,0.62514,1.18539,0.01527,0.02109,0.00703,0.02109,0.00703,0.02109,0.00703,0.02109,0.00703
302,25685,0.85231,0.8062,1.23805,0.01458,0.90528,0.86366,0.9067,0.76598,0.71116,0.62505,1.18528,0.01523,0.0210603,0.0070201,0.0210603,0.0070201,0.0210603,0.0070201,0.0210603,0.0070201
303,25773.1,0.85341,0.80886,1.23177,0.01494,0.9065,0.86313,0.90684,0.76641,0.71032,0.62427,1.18452,0.01521,0.0210306,0.0070102,0.0210306,0.0070102,0.0210306,0.0070102,0.0210306,0.0070102
304,25860.4,0.84821,0.80162,1.23292,0.0147,0.90664,0.86294,0.90699,0.76714,0.70999,0.624,1.18447,0.01535,0.0210009,0.0070003,0.0210009,0.0070003,0.0210009,0.0070003,0.0210009,0.0070003
305,25949.1,0.83922,0.79095,1.22924,0.01492,0.90736,0.8629,0.90702,0.76686,0.71005,0.62396,1.18447,0.0154,0.0209712,0.0069904,0.0209712,0.0069904,0.0209712,0.0069904,0.0209712,0.0069904
306,26036.9,0.85724,0.81302,1.23586,0.01472,0.90738,0.86352,0.90705,0.76701,0.70951,0.6236,1.18422,0.01533,0.0209415,0.0069805,0.0209415,0.0069805,0.0209415,0.0069805,0.0209415,0.0069805
307,26124.9,0.83963,0.79639,1.22904,0.01466,0.90747,0.86337,0.90719,0.76665,0.70885,0.62292,1.1835,0.01521,0.0209118,0.0069706,0.0209118,0.0069706,0.0209118,0.0069706,0.0209118,0.0069706
308,26212,0.84107,0.79264,1.22889,0.01451,0.90714,0.86412,0.90726,0.76701,0.70857,0.62229,1.18331,0.01517,0.0208821,0.0069607,0.0208821,0.0069607,0.0208821,0.0069607,0.0208821,0.0069607
309,26297.6,0.83912,0.79588,1.22683,0.0143,0.90754,0.86396,0.9072,0.76675,0.70863,0.62191,1.18305,0.01522,0.0208524,0.0069508,0.0208524,0.0069508,0.0208524,0.0069508,0.0208524,0.0069508
310,26384.1,0.84021,0.79345,1.23006,0.0146,0.90835,0.86325,0.90729,0.76708,0.70789,0.62138,1.18244,0.01526,0.0208227,0.0069409,0.0208227,0.0069409,0.0208227,0.0069409,0.0208227,0.0069409
311,26471.3,0.84926,0.80022,1.23224,0.01447,0.91094,0.86172,0.90732,0.76702,0.70769,0.62125,1.18227,0.0153,0.020793,0.006931,0.020793,0.006931,0.020793,0.006931,0.020793,0.006931
312,26556.7,0.8495,0.80227,1.22715,0.01439,0.91033,0.86181,0.90728,0.76652,0.70719,0.6212,1.18202,0.01531,0.0207633,0.0069211,0.0207633,0.0069211,0.0207633,0.0069211,0.0207633,0.0069211
313,26642.9,0.84708,0.79894,1.22826,0.01483,0.90701,0.86324,0.90713,0.76644,0.70726,0.62179,1.18201,0.01526,0.0207336,0.0069112,0.0207336,0.0069112,0.0207336,0.0069112,0.0207336,0.0069112
314,26729.3,0.83663,0.79552,1.22732,0.01409,0.90587,0.86446,0.90702,0.76755,0.70668,0.62162,1.18159,0.01526,0.0207039,0.0069013,0.0207039,0.0069013,0.0207039,0.0069013,0.0207039,0.0069013
315,26817.2,0.84293,0.79111,1.22443,0.01441,0.90547,0.86424,0.90695,0.7671,0.70648,0.62145,1.18125,0.01524,0.0206742,0.0068914,0.0206742,0.0068914,0.0206742,0.0068914,0.0206742,0.0068914
316,26906,0.84418,0.80162,1.22419,0.01464,0.90662,0.86394,0.90705,0.76757,0.70588,0.62157,1.18097,0.01524,0.0206445,0.0068815,0.0206445,0.0068815,0.0206445,0.0068815,0.0206445,0.0068815
317,27001.1,0.83466,0.7929,1.22153,0.01392,0.90701,0.86523,0.90709,0.76768,0.70532,0.6214,1.18035,0.01519,0.0206148,0.0068716,0.0206148,0.0068716,0.0206148,0.0068716,0.0206148,0.0068716
318,27091.6,0.83871,0.80413,1.22453,0.01411,0.90784,0.86501,0.90745,0.76752,0.70478,0.62105,1.17982,0.01514,0.0205851,0.0068617,0.0205851,0.0068617,0.0205851,0.0068617,0.0205851,0.0068617
319,27178.5,0.83209,0.79162,1.21848,0.01391,0.90853,0.86568,0.90697,0.76761,0.70443,0.62061,1.17947,0.0151,0.0205554,0.0068518,0.0205554,0.0068518,0.0205554,0.0068518,0.0205554,0.0068518
320,27264.8,0.84075,0.79689,1.22426,0.01491,0.90814,0.86517,0.90664,0.76712,0.70462,0.62082,1.17954,0.01507,0.0205257,0.0068419,0.0205257,0.0068419,0.0205257,0.0068419,0.0205257,0.0068419
321,27352.5,0.83627,0.78901,1.21894,0.01415,0.90787,0.86549,0.90757,0.7677,0.70404,0.62043,1.17902,0.01507,0.020496,0.006832,0.020496,0.006832,0.020496,0.006832,0.020496,0.006832
322,27445.1,0.83629,0.79227,1.21951,0.01383,0.9085,0.86531,0.90767,0.76778,0.7037,0.62008,1.17867,0.01508,0.0204663,0.0068221,0.0204663,0.0068221,0.0204663,0.0068221,0.0204663,0.0068221
323,27536,0.84124,0.79541,1.22522,0.01446,0.90825,0.86486,0.90752,0.76785,0.70324,0.62002,1.17831,0.01503,0.0204366,0.0068122,0.0204366,0.0068122,0.0204366,0.0068122,0.0204366,0.0068122
324,27625.4,0.85038,0.80402,1.23061,0.0146,0.90853,0.86572,0.90755,0.76802,0.70319,0.61958,1.17817,0.01496,0.0204069,0.0068023,0.0204069,0.0068023,0.0204069,0.0068023,0.0204069,0.0068023
325,27716.6,0.83623,0.7868,1.22029,0.01487,0.90784,0.86632,0.90756,0.76835,0.70263,0.61963,1.17772,0.01492,0.0203772,0.0067924,0.0203772,0.0067924,0.0203772,0.0067924,0.0203772,0.0067924
326,27809.7,0.84004,0.80038,1.22379,0.01438,0.90794,0.86638,0.90748,0.76814,0.70285,0.6197,1.17769,0.0149,0.0203475,0.0067825,0.0203475,0.0067825,0.0203475,0.0067825,0.0203475,0.0067825
327,27896.4,0.83725,0.79675,1.2184,0.0138,0.90867,0.86626,0.90756,0.76845,0.70169,0.61881,1.17667,0.01489,0.0203178,0.0067726,0.0203178,0.0067726,0.0203178,0.0067726,0.0203178,0.0067726
328,27988.2,0.83394,0.79452,1.21831,0.01441,0.90758,0.86627,0.90749,0.76851,0.7021,0.61919,1.17693,0.0149,0.0202881,0.0067627,0.0202881,0.0067627,0.0202881,0.0067627,0.0202881,0.0067627
329,28075.9,0.83523,0.79186,1.22206,0.01393,0.9101,0.86552,0.90755,0.76875,0.70174,0.61859,1.17638,0.01489,0.0202584,0.0067528,0.0202584,0.0067528,0.0202584,0.0067528,0.0202584,0.0067528
330,28164.1,0.8438,0.80793,1.22578,0.01484,0.91008,0.86441,0.90762,0.76892,0.70096,0.61816,1.17567,0.01491,0.0202287,0.0067429,0.0202287,0.0067429,0.0202287,0.0067429,0.0202287,0.0067429
331,28251.4,0.83623,0.79063,1.22098,0.01441,0.91062,0.86456,0.9077,0.76893,0.70061,0.61781,1.1754,0.01488,0.020199,0.006733,0.020199,0.006733,0.020199,0.006733,0.020199,0.006733
332,28340.2,0.82921,0.78079,1.21552,0.01324,0.91077,0.8647,0.90782,0.76917,0.70038,0.61756,1.17499,0.0148,0.0201693,0.0067231,0.0201693,0.0067231,0.0201693,0.0067231,0.0201693,0.0067231
333,28429.7,0.838,0.789,1.21621,0.01416,0.91027,0.86496,0.90787,0.76931,0.69986,0.61733,1.17444,0.01478,0.0201396,0.0067132,0.0201396,0.0067132,0.0201396,0.0067132,0.0201396,0.0067132
334,28519.7,0.8279,0.77799,1.214,0.01413,0.91003,0.86461,0.90778,0.7691,0.70002,0.61699,1.17443,0.01471,0.0201099,0.0067033,0.0201099,0.0067033,0.0201099,0.0067033,0.0201099,0.0067033
335,87.7059,0.79257,0.73038,1.18423,0.01355,0.90988,0.86488,0.9075,0.76832,0.69996,0.61706,1.1744,0.01473,0.0200802,0.0066934,0.0200802,0.0066934,0.0200802,0.0066934,0.0200802,0.0066934
336,173.639,0.81123,0.74154,1.19837,0.01424,0.91022,0.86451,0.9077,0.76878,0.7,0.61658,1.17431,0.01473,0.0200505,0.0066835,0.0200505,0.0066835,0.0200505,0.0066835,0.0200505,0.0066835
337,253.771,0.81636,0.76595,1.20922,0.01445,0.91063,0.86434,0.90769,0.76888,0.69973,0.61655,1.17419,0.01471,0.0200208,0.0066736,0.0200208,0.0066736,0.0200208,0.0066736,0.0200208,0.0066736
338,336.141,0.83007,0.78185,1.21862,0.01406,0.91039,0.86417,0.90766,0.76897,0.69978,0.6163,1.17418,0.01469,0.0199911,0.0066637,0.0199911,0.0066637,0.0199911,0.0066637,0.0199911,0.0066637
339,420.869,0.83163,0.78205,1.21951,0.01439,0.91012,0.86387,0.90696,0.76874,0.69995,0.61628,1.17425,0.01474,0.0199614,0.0066538,0.0199614,0.0066538,0.0199614,0.0066538,0.0199614,0.0066538
340,505.902,0.82735,0.77799,1.21591,0.01431,0.9087,0.86572,0.907,0.76893,0.69956,0.61581,1.17376,0.01474,0.0199317,0.0066439,0.0199317,0.0066439,0.0199317,0.0066439,0.0199317,0.0066439
341,589.132,0.82538,0.77774,1.21566,0.01382,0.90956,0.86559,0.90723,0.76896,0.69929,0.61555,1.17375,0.01468,0.019902,0.006634,0.019902,0.006634,0.019902,0.006634,0.019902,0.006634
342,673.844,0.82285,0.77156,1.20959,0.01391,0.90966,0.86539,0.90789,0.7692,0.69931,0.61538,1.17359,0.01466,0.0198723,0.0066241,0.0198723,0.0066241,0.0198723,0.0066241,0.0198723,0.0066241
343,755.919,0.83284,0.78864,1.22329,0.01444,0.90974,0.86505,0.9078,0.76926,0.69957,0.61574,1.17379,0.01461,0.0198426,0.0066142,0.0198426,0.0066142,0.0198426,0.0066142,0.0198426,0.0066142
344,835.898,0.8415,0.7924,1.22602,0.01457,0.90918,0.86575,0.90789,0.76939,0.69887,0.61501,1.17315,0.01454,0.0198129,0.0066043,0.0198129,0.0066043,0.0198129,0.0066043,0.0198129,0.0066043
345,918.561,0.83014,0.78003,1.21846,0.01393,0.91203,0.86319,0.90795,0.76949,0.69914,0.61489,1.17315,0.01456,0.0197832,0.0065944,0.0197832,0.0065944,0.0197832,0.0065944,0.0197832,0.0065944
346,1002.49,0.83459,0.78174,1.21474,0.01439,0.91097,0.86428,0.90798,0.76985,0.69898,0.61495,1.17342,0.01455,0.0197535,0.0065845,0.0197535,0.0065845,0.0197535,0.0065845,0.0197535,0.0065845
347,1087.15,0.83877,0.79057,1.22375,0.0144,0.91052,0.86305,0.90801,0.76931,0.69884,0.61515,1.17319,0.01458,0.0197238,0.0065746,0.0197238,0.0065746,0.0197238,0.0065746,0.0197238,0.0065746
348,1170.42,0.83476,0.7825,1.22477,0.01428,0.90953,0.86449,0.90808,0.7703,0.69847,0.61483,1.17284,0.01459,0.0196941,0.0065647,0.0196941,0.0065647,0.0196941,0.0065647,0.0196941,0.0065647
349,1255.32,0.82991,0.7899,1.22228,0.01373,0.90971,0.86451,0.9081,0.76996,0.69834,0.6148,1.17287,0.01457,0.0196644,0.0065548,0.0196644,0.0065548,0.0196644,0.0065548,0.0196644,0.0065548
350,1341,0.83576,0.79027,1.22409,0.01398,0.91003,0.86398,0.90809,0.77,0.69828,0.61468,1.17288,0.01454,0.0196347,0.0065449,0.0196347,0.0065449,0.0196347,0.0065449,0.0196347,0.0065449
351,1426.08,0.83665,0.78648,1.22457,0.01469,0.90974,0.86404,0.90809,0.77077,0.6982,0.61446,1.1728,0.01451,0.019605,0.006535,0.019605,0.006535,0.019605,0.006535,0.019605,0.006535
352,1507.01,0.85219,0.80671,1.2363,0.01394,0.90939,0.86451,0.90818,0.77102,0.69826,0.61407,1.17268,0.01456,0.0195753,0.0065251,0.0195753,0.0065251,0.0195753,0.0065251,0.0195753,0.0065251
353,1590.33,0.83864,0.80352,1.23272,0.01421,0.90917,0.86412,0.90795,0.77016,0.69849,0.61437,1.17302,0.01454,0.0195456,0.0065152,0.0195456,0.0065152,0.0195456,0.0065152,0.0195456,0.0065152
354,1671.69,0.83303,0.78987,1.22258,0.01427,0.90989,0.86424,0.90793,0.77091,0.69873,0.61429,1.17302,0.01456,0.0195159,0.0065053,0.0195159,0.0065053,0.0195159,0.0065053,0.0195159,0.0065053
355,1751.45,0.82883,0.78799,1.21844,0.01424,0.91016,0.86452,0.90794,0.7704,0.69861,0.61419,1.1728,0.01452,0.0194862,0.0064954,0.0194862,0.0064954,0.0194862,0.0064954,0.0194862,0.0064954
356,1833.52,0.82658,0.7892,1.2181,0.01442,0.91013,0.86441,0.90802,0.77072,0.69834,0.614,1.17258,0.01454,0.0194565,0.0064855,0.0194565,0.0064855,0.0194565,0.0064855,0.0194565,0.0064855
357,1918.52,0.82428,0.77906,1.2159,0.01405,0.90998,0.86474,0.90807,0.77114,0.69808,0.61392,1.17225,0.01456,0.0194268,0.0064756,0.0194268,0.0064756,0.0194268,0.0064756,0.0194268,0.0064756
358,2003.3,0.83631,0.78511,1.21906,0.01445,0.9102,0.86488,0.90815,0.77149,0.69772,0.61362,1.17198,0.01461,0.0193971,0.0064657,0.0193971,0.0064657,0.0193971,0.0064657,0.0193971,0.0064657
359,2089.75,0.82337,0.77984,1.21299,0.01396,0.90962,0.86581,0.90816,0.77161,0.69809,0.61359,1.17222,0.0146,0.0193674,0.0064558,0.0193674,0.0064558,0.0193674,0.0064558,0.0193674,0.0064558
360,2179.05,0.83162,0.78581,1.21857,0.01376,0.91022,0.86482,0.90828,0.77167,0.69817,0.61358,1.17212,0.01472,0.0193377,0.0064459,0.0193377,0.0064459,0.0193377,0.0064459,0.0193377,0.0064459
361,2267.43,0.83091,0.78608,1.21832,0.01412,0.91062,0.86532,0.90834,0.77167,0.69781,0.61317,1.17178,0.01481,0.019308,0.006436,0.019308,0.006436,0.019308,0.006436,0.019308,0.006436
362,2351.43,0.82817,0.78022,1.20926,0.01327,0.91044,0.86592,0.90793,0.77172,0.69785,0.61313,1.17183,0.01476,0.0192783,0.0064261,0.0192783,0.0064261,0.0192783,0.0064261,0.0192783,0.0064261
363,2438.51,0.83731,0.79133,1.22697,0.01404,0.91059,0.86591,0.9079,0.77136,0.69788,0.61346,1.17196,0.01474,0.0192486,0.0064162,0.0192486,0.0064162,0.0192486,0.0064162,0.0192486,0.0064162
364,2525.35,0.82835,0.78195,1.22081,0.0145,0.91054,0.86551,0.90792,0.7717,0.69757,0.61336,1.17153,0.01472,0.0192189,0.0064063,0.0192189,0.0064063,0.0192189,0.0064063,0.0192189,0.0064063
365,2612.53,0.83238,0.78274,1.22346,0.0142,0.91099,0.86564,0.90802,0.77205,0.69722,0.6131,1.17126,0.01475,0.0191892,0.0063964,0.0191892,0.0063964,0.0191892,0.0063964,0.0191892,0.0063964
366,2695.41,0.828,0.77671,1.21605,0.01445,0.91111,0.86508,0.90791,0.77153,0.69744,0.61342,1.17147,0.01474,0.0191595,0.0063865,0.0191595,0.0063865,0.0191595,0.0063865,0.0191595,0.0063865
367,2780.97,0.8312,0.7841,1.21778,0.01329,0.91143,0.86488,0.90798,0.77202,0.6972,0.61318,1.17137,0.01473,0.0191298,0.0063766,0.0191298,0.0063766,0.0191298,0.0063766,0.0191298,0.0063766
368,2867.53,0.81444,0.7649,1.20793,0.01408,0.91159,0.86483,0.90799,0.77194,0.69699,0.6128,1.17119,0.01474,0.0191001,0.0063667,0.0191001,0.0063667,0.0191001,0.0063667,0.0191001,0.0063667
369,2952,0.82594,0.78701,1.21413,0.01365,0.91255,0.86511,0.90809,0.77219,0.6964,0.61228,1.17065,0.01467,0.0190704,0.0063568,0.0190704,0.0063568,0.0190704,0.0063568,0.0190704,0.0063568
370,3037.65,0.82445,0.77513,1.21172,0.01397,0.91252,0.86429,0.90816,0.77246,0.69656,0.61233,1.17081,0.01464,0.0190407,0.0063469,0.0190407,0.0063469,0.0190407,0.0063469,0.0190407,0.0063469
371,3123.95,0.82642,0.78245,1.21517,0.0135,0.9129,0.86381,0.90824,0.77245,0.69606,0.61151,1.17024,0.01458,0.019011,0.006337,0.019011,0.006337,0.019011,0.006337,0.019011,0.006337
372,3209.57,0.81992,0.76605,1.20898,0.01383,0.91278,0.86365,0.90817,0.77266,0.6961,0.61147,1.17012,0.01451,0.0189813,0.0063271,0.0189813,0.0063271,0.0189813,0.0063271,0.0189813,0.0063271
373,3294.72,0.81817,0.76975,1.20747,0.01337,0.91275,0.86445,0.9081,0.77206,0.69628,0.61198,1.17036,0.01445,0.0189516,0.0063172,0.0189516,0.0063172,0.0189516,0.0063172,0.0189516,0.0063172
374,3379.69,0.82043,0.78176,1.21421,0.01356,0.91295,0.86461,0.90802,0.77209,0.69644,0.61199,1.17023,0.01442,0.0189219,0.0063073,0.0189219,0.0063073,0.0189219,0.0063073,0.0189219,0.0063073
375,3465.74,0.8259,0.77193,1.21537,0.01423,0.91288,0.8647,0.90807,0.77228,0.69607,0.61148,1.16987,0.0144,0.0188922,0.0062974,0.0188922,0.0062974,0.0188922,0.0062974,0.0188922,0.0062974
376,3550.33,0.82997,0.78398,1.21849,0.01471,0.91291,0.865,0.90814,0.77234,0.69595,0.61135,1.1698,0.01439,0.0188625,0.0062875,0.0188625,0.0062875,0.0188625,0.0062875,0.0188625,0.0062875
377,3633.38,0.82403,0.77262,1.21674,0.01411,0.91263,0.86487,0.90818,0.77221,0.69582,0.61149,1.16986,0.01439,0.0188328,0.0062776,0.0188328,0.0062776,0.0188328,0.0062776,0.0188328,0.0062776
378,3718.92,0.81622,0.76593,1.20777,0.01389,0.91348,0.86429,0.90815,0.77227,0.69586,0.61152,1.16979,0.01442,0.0188031,0.0062677,0.0188031,0.0062677,0.0188031,0.0062677,0.0188031,0.0062677
379,3803.32,0.82814,0.78679,1.21808,0.01394,0.91334,0.86473,0.90818,0.77223,0.6958,0.61132,1.16988,0.01442,0.0187734,0.0062578,0.0187734,0.0062578,0.0187734,0.0062578,0.0187734,0.0062578
380,3887.91,0.83116,0.77854,1.21449,0.01423,0.91319,0.86561,0.90841,0.77319,0.69505,0.61032,1.16916,0.0144,0.0187437,0.0062479,0.0187437,0.0062479,0.0187437,0.0062479,0.0187437,0.0062479
381,3969.65,0.82013,0.7695,1.20581,0.0141,0.91478,0.86473,0.90841,0.77271,0.69488,0.61033,1.16908,0.01443,0.018714,0.006238,0.018714,0.006238,0.018714,0.006238,0.018714,0.006238
382,4052.41,0.81645,0.77069,1.21102,0.01297,0.91577,0.86449,0.90869,0.77325,0.69418,0.60952,1.16863,0.01442,0.0186843,0.0062281,0.0186843,0.0062281,0.0186843,0.0062281,0.0186843,0.0062281
383,4134.32,0.81772,0.76289,1.20592,0.01398,0.91485,0.86455,0.90858,0.77301,0.69469,0.61015,1.16892,0.01444,0.0186546,0.0062182,0.0186546,0.0062182,0.0186546,0.0062182,0.0186546,0.0062182
384,4212.53,0.82387,0.78174,1.20821,0.01358,0.91572,0.86439,0.90866,0.77297,0.69433,0.60968,1.16853,0.0144,0.0186249,0.0062083,0.0186249,0.0062083,0.0186249,0.0062083,0.0186249,0.0062083
385,4293.74,0.81483,0.77512,1.21204,0.01421,0.91525,0.86453,0.90865,0.77291,0.69434,0.60995,1.16855,0.01443,0.0185952,0.0061984,0.0185952,0.0061984,0.0185952,0.0061984,0.0185952,0.0061984
386,4375.77,0.82084,0.76839,1.20853,0.01354,0.91371,0.86507,0.9087,0.77298,0.69412,0.6096,1.1681,0.0144,0.0185655,0.0061885,0.0185655,0.0061885,0.0185655,0.0061885,0.0185655,0.0061885
387,4458.22,0.81363,0.75605,1.20255,0.01414,0.91489,0.86438,0.90865,0.77336,0.69416,0.6095,1.16814,0.01438,0.0185358,0.0061786,0.0185358,0.0061786,0.0185358,0.0061786,0.0185358,0.0061786
388,4542.42,0.82003,0.77745,1.20988,0.01321,0.91387,0.8645,0.90865,0.77353,0.69393,0.60936,1.16789,0.01441,0.0185061,0.0061687,0.0185061,0.0061687,0.0185061,0.0061687,0.0185061,0.0061687
389,4627.39,0.81807,0.7664,1.20727,0.01364,0.91408,0.86477,0.90874,0.7738,0.69329,0.60886,1.16747,0.01439,0.0184764,0.0061588,0.0184764,0.0061588,0.0184764,0.0061588,0.0184764,0.0061588
390,4711.35,0.81771,0.78375,1.2072,0.0138,0.91439,0.86439,0.90871,0.77362,0.69305,0.60889,1.16724,0.01441,0.0184467,0.0061489,0.0184467,0.0061489,0.0184467,0.0061489,0.0184467,0.0061489
391,4794.88,0.8157,0.7617,1.20118,0.01312,0.91392,0.86448,0.90866,0.77365,0.69302,0.60917,1.1671,0.01442,0.018417,0.006139,0.018417,0.006139,0.018417,0.006139,0.018417,0.006139
392,4878.45,0.81625,0.76262,1.20243,0.01406,0.91423,0.86381,0.90866,0.77357,0.69278,0.60913,1.16684,0.01446,0.0183873,0.0061291,0.0183873,0.0061291,0.0183873,0.0061291,0.0183873,0.0061291
393,4962.44,0.81799,0.76807,1.2091,0.01406,0.91332,0.86436,0.90865,0.77374,0.6928,0.60917,1.16675,0.01449,0.0183576,0.0061192,0.0183576,0.0061192,0.0183576,0.0061192,0.0183576,0.0061192
394,5046.92,0.81901,0.7712,1.2099,0.01397,0.91325,0.8642,0.9087,0.77374,0.69198,0.60839,1.16607,0.01451,0.0183279,0.0061093,0.0183279,0.0061093,0.0183279,0.0061093,0.0183279,0.0061093
395,5132.38,0.81877,0.77653,1.20956,0.01429,0.91237,0.86433,0.90872,0.77398,0.69214,0.60839,1.16611,0.01449,0.0182982,0.0060994,0.0182982,0.0060994,0.0182982,0.0060994,0.0182982,0.0060994
396,5217.75,0.8184,0.78173,1.21181,0.01418,0.91294,0.86401,0.90874,0.77389,0.69184,0.6083,1.16586,0.01449,0.0182685,0.0060895,0.0182685,0.0060895,0.0182685,0.0060895,0.0182685,0.0060895
397,5301.56,0.80976,0.75599,1.19872,0.01367,0.91229,0.86387,0.90877,0.77439,0.69157,0.60813,1.16569,0.01451,0.0182388,0.0060796,0.0182388,0.0060796,0.0182388,0.0060796,0.0182388,0.0060796
398,5385.42,0.81867,0.7661,1.21371,0.01363,0.91183,0.86456,0.90886,0.77438,0.69144,0.60802,1.16541,0.01453,0.0182091,0.0060697,0.0182091,0.0060697,0.0182091,0.0060697,0.0182091,0.0060697
399,5464.4,0.8151,0.7647,1.2024,0.01405,0.91137,0.86497,0.90882,0.77472,0.69156,0.60792,1.16556,0.01452,0.0181794,0.0060598,0.0181794,0.0060598,0.0181794,0.0060598,0.0181794,0.0060598
400,5548.03,0.82197,0.7721,1.20844,0.0141,0.91139,0.86545,0.90886,0.77442,0.69139,0.6076,1.16547,0.01447,0.0181497,0.0060499,0.0181497,0.0060499,0.0181497,0.0060499,0.0181497,0.0060499
401,5629.07,0.8176,0.76614,1.20242,0.0134,0.9111,0.86572,0.90879,0.77472,0.69124,0.60756,1.1653,0.01448,0.01812,0.00604,0.01812,0.00604,0.01812,0.00604,0.01812,0.00604
402,5714.41,0.80587,0.76149,1.19629,0.0129,0.91142,0.86527,0.909,0.77432,0.69102,0.60688,1.16505,0.01443,0.0180903,0.0060301,0.0180903,0.0060301,0.0180903,0.0060301,0.0180903,0.0060301
403,5798.82,0.81769,0.77066,1.2094,0.01365,0.91083,0.86584,0.90905,0.77463,0.69106,0.60729,1.16502,0.01443,0.0180606,0.0060202,0.0180606,0.0060202,0.0180606,0.0060202,0.0180606,0.0060202
404,5880.12,0.81388,0.75669,1.20232,0.01364,0.91409,0.86358,0.90895,0.77496,0.69115,0.60718,1.16507,0.01447,0.0180309,0.0060103,0.0180309,0.0060103,0.0180309,0.0060103,0.0180309,0.0060103
405,5961.3,0.80864,0.76277,1.20371,0.01361,0.91474,0.86437,0.90923,0.77498,0.69029,0.60636,1.1645,0.01446,0.0180012,0.0060004,0.0180012,0.0060004,0.0180012,0.0060004,0.0180012,0.0060004
406,6047.46,0.80923,0.75742,1.20034,0.01351,0.91506,0.86357,0.90915,0.77491,0.6902,0.60655,1.1644,0.01449,0.0179715,0.0059905,0.0179715,0.0059905,0.0179715,0.0059905,0.0179715,0.0059905
407,6132.19,0.807,0.76385,1.19942,0.01317,0.91512,0.86337,0.90904,0.77478,0.69023,0.60709,1.16429,0.01452,0.0179418,0.0059806,0.0179418,0.0059806,0.0179418,0.0059806,0.0179418,0.0059806
408,6212.05,0.81035,0.75501,1.20039,0.01339,0.91292,0.86476,0.9092,0.77516,0.68974,0.60628,1.16392,0.01453,0.0179121,0.0059707,0.0179121,0.0059707,0.0179121,0.0059707,0.0179121,0.0059707
409,6295.92,0.80351,0.75314,1.19982,0.01333,0.91163,0.86481,0.90918,0.77526,0.68952,0.60616,1.16378,0.01454,0.0178824,0.0059608,0.0178824,0.0059608,0.0178824,0.0059608,0.0178824,0.0059608
410,6382.03,0.81046,0.76273,1.20207,0.01336,0.91253,0.86524,0.90956,0.77545,0.68965,0.60657,1.16395,0.01455,0.0178527,0.0059509,0.0178527,0.0059509,0.0178527,0.0059509,0.0178527,0.0059509
411,6466.85,0.80404,0.7542,1.20073,0.01344,0.91301,0.86514,0.90922,0.77541,0.68921,0.60571,1.16348,0.01452,0.017823,0.005941,0.017823,0.005941,0.017823,0.005941,0.017823,0.005941
412,6549.3,0.80294,0.74757,1.19374,0.01297,0.91154,0.86587,0.90975,0.77574,0.689,0.60558,1.16329,0.01451,0.0177933,0.0059311,0.0177933,0.0059311,0.0177933,0.0059311,0.0177933,0.0059311
413,6632.9,0.80935,0.75779,1.19906,0.01303,0.91179,0.86556,0.90973,0.7755,0.68896,0.60528,1.16327,0.01449,0.0177636,0.0059212,0.0177636,0.0059212,0.0177636,0.0059212,0.0177636,0.0059212
414,6715.44,0.8066,0.75265,1.19642,0.01349,0.91192,0.86622,0.90976,0.77594,0.68907,0.60547,1.16326,0.01448,0.0177339,0.0059113,0.0177339,0.0059113,0.0177339,0.0059113,0.0177339,0.0059113
415,6797,0.80225,0.75922,1.19508,0.01292,0.9133,0.86508,0.90977,0.77595,0.68888,0.60493,1.16311,0.01451,0.0177042,0.0059014,0.0177042,0.0059014,0.0177042,0.0059014,0.0177042,0.0059014
417,6969.25,0.80623,0.75879,1.20032,0.01342,0.91355,0.86494,0.90986,0.77557,0.6886,0.60488,1.16266,0.01447,0.0176448,0.0058816,0.0176448,0.0058816,0.0176448,0.0058816,0.0176448,0.0058816
418,7055.32,0.80316,0.75565,1.19145,0.01356,0.91359,0.86504,0.90988,0.77551,0.68833,0.60442,1.16242,0.01448,0.0176151,0.0058717,0.0176151,0.0058717,0.0176151,0.0058717,0.0176151,0.0058717
419,7136.87,0.80865,0.75537,1.19878,0.01396,0.91267,0.86562,0.90986,0.77529,0.68789,0.60423,1.16201,0.01448,0.0175854,0.0058618,0.0175854,0.0058618,0.0175854,0.0058618,0.0175854,0.0058618
420,7222.74,0.79807,0.7492,1.19512,0.01353,0.91346,0.86479,0.90998,0.7758,0.68753,0.60383,1.1617,0.01443,0.0175557,0.0058519,0.0175557,0.0058519,0.0175557,0.0058519,0.0175557,0.0058519
421,7309.15,0.80038,0.74721,1.19105,0.01282,0.90973,0.86912,0.91002,0.77652,0.6873,0.60366,1.16157,0.01444,0.017526,0.005842,0.017526,0.005842,0.017526,0.005842,0.017526,0.005842
422,7395.34,0.80044,0.75548,1.19423,0.01303,0.90963,0.86939,0.9101,0.7761,0.68708,0.60334,1.1614,0.01442,0.0174963,0.0058321,0.0174963,0.0058321,0.0174963,0.0058321,0.0174963,0.0058321
423,7479.82,0.7998,0.74566,1.18944,0.0129,0.9099,0.86938,0.91018,0.77634,0.68685,0.60325,1.16109,0.01443,0.0174666,0.0058222,0.0174666,0.0058222,0.0174666,0.0058222,0.0174666,0.0058222
424,7563.58,0.80267,0.74494,1.19301,0.01292,0.90949,0.86926,0.91012,0.77668,0.68705,0.60351,1.16132,0.01445,0.0174369,0.0058123,0.0174369,0.0058123,0.0174369,0.0058123,0.0174369,0.0058123
425,7647.4,0.7967,0.7447,1.18796,0.01331,0.90564,0.87342,0.91018,0.77658,0.68717,0.60347,1.16135,0.01443,0.0174072,0.0058024,0.0174072,0.0058024,0.0174072,0.0058024,0.0174072,0.0058024
426,7733.31,0.80436,0.74661,1.19444,0.01372,0.90576,0.87274,0.9102,0.77686,0.68654,0.60267,1.16078,0.0144,0.0173775,0.0057925,0.0173775,0.0057925,0.0173775,0.0057925,0.0173775,0.0057925
427,7819.52,0.79996,0.74997,1.19906,0.01323,0.90567,0.87292,0.91034,0.77704,0.68618,0.60228,1.16053,0.01438,0.0173478,0.0057826,0.0173478,0.0057826,0.0173478,0.0057826,0.0173478,0.0057826
428,7905.62,0.79429,0.74272,1.19814,0.01333,0.90577,0.87324,0.91043,0.77705,0.68609,0.60226,1.16044,0.01439,0.0173181,0.0057727,0.0173181,0.0057727,0.0173181,0.0057727,0.0173181,0.0057727
429,7991.78,0.81112,0.75151,1.19825,0.01339,0.90504,0.87333,0.91033,0.77703,0.68641,0.60242,1.16083,0.01442,0.0172884,0.0057628,0.0172884,0.0057628,0.0172884,0.0057628,0.0172884,0.0057628
430,8076.1,0.80063,0.74304,1.19343,0.01301,0.90569,0.87294,0.91036,0.77759,0.68587,0.602,1.16044,0.01439,0.0172587,0.0057529,0.0172587,0.0057529,0.0172587,0.0057529,0.0172587,0.0057529
431,8160.82,0.79672,0.74541,1.19262,0.01355,0.90564,0.87294,0.91028,0.77721,0.68589,0.60199,1.16028,0.01433,0.017229,0.005743,0.017229,0.005743,0.017229,0.005743,0.017229,0.005743
432,8245.17,0.79701,0.74367,1.18876,0.01306,0.90649,0.87308,0.9105,0.77751,0.68549,0.60187,1.16009,0.01428,0.0171993,0.0057331,0.0171993,0.0057331,0.0171993,0.0057331,0.0171993,0.0057331
433,8325.51,0.79821,0.74838,1.1889,0.01242,0.90637,0.87268,0.91033,0.7778,0.68539,0.60172,1.15983,0.01425,0.0171696,0.0057232,0.0171696,0.0057232,0.0171696,0.0057232,0.0171696,0.0057232
434,8406.33,0.7982,0.75482,1.195,0.01262,0.90679,0.87296,0.91056,0.77768,0.68507,0.60145,1.15945,0.01423,0.0171399,0.0057133,0.0171399,0.0057133,0.0171399,0.0057133,0.0171399,0.0057133
435,8489.38,0.80779,0.76355,1.19409,0.01321,0.90656,0.87213,0.91048,0.7776,0.68498,0.60136,1.15939,0.01419,0.0171102,0.0057034,0.0171102,0.0057034,0.0171102,0.0057034,0.0171102,0.0057034
436,8568.72,0.79541,0.74629,1.19231,0.01293,0.90667,0.87242,0.91047,0.77759,0.68515,0.60167,1.15967,0.01416,0.0170805,0.0056935,0.0170805,0.0056935,0.0170805,0.0056935,0.0170805,0.0056935
437,8649.05,0.80224,0.75049,1.19117,0.01403,0.90624,0.87308,0.91063,0.77838,0.68494,0.60141,1.15946,0.01419,0.0170508,0.0056836,0.0170508,0.0056836,0.0170508,0.0056836,0.0170508,0.0056836
438,8730.13,0.78847,0.74689,1.18565,0.01323,0.90615,0.87292,0.91049,0.77787,0.68482,0.60121,1.15941,0.01416,0.0170211,0.0056737,0.0170211,0.0056737,0.0170211,0.0056737,0.0170211,0.0056737
439,8813.16,0.7953,0.74495,1.18643,0.0132,0.90626,0.87259,0.91052,0.77767,0.68468,0.60131,1.15911,0.01419,0.0169914,0.0056638,0.0169914,0.0056638,0.0169914,0.0056638,0.0169914,0.0056638
440,8895.36,0.80609,0.75441,1.20078,0.01297,0.90658,0.87297,0.91059,0.77781,0.68457,0.60118,1.15905,0.01416,0.0169617,0.0056539,0.0169617,0.0056539,0.0169617,0.0056539,0.0169617,0.0056539
441,8976.07,0.79695,0.74723,1.1918,0.01274,0.90646,0.87281,0.91062,0.77784,0.684,0.60039,1.15854,0.01415,0.016932,0.005644,0.016932,0.005644,0.016932,0.005644,0.016932,0.005644
442,9058.42,0.79277,0.73737,1.18607,0.01338,0.90671,0.87295,0.91063,0.77822,0.68365,0.60035,1.15836,0.01414,0.0169023,0.0056341,0.0169023,0.0056341,0.0169023,0.0056341,0.0169023,0.0056341
443,9137.98,0.79807,0.73783,1.19103,0.01334,0.9059,0.87306,0.91068,0.77849,0.68363,0.60016,1.15845,0.0141,0.0168726,0.0056242,0.0168726,0.0056242,0.0168726,0.0056242,0.0168726,0.0056242
444,9220.51,0.79632,0.74464,1.19026,0.01351,0.90708,0.87294,0.91062,0.77851,0.68359,0.59999,1.15826,0.01409,0.0168429,0.0056143,0.0168429,0.0056143,0.0168429,0.0056143,0.0168429,0.0056143
445,9301.02,0.79226,0.74348,1.18548,0.01255,0.9063,0.87348,0.91057,0.77827,0.68361,0.60018,1.15828,0.01407,0.0168132,0.0056044,0.0168132,0.0056044,0.0168132,0.0056044,0.0168132,0.0056044
446,9381.36,0.78592,0.73136,1.18157,0.01206,0.90877,0.87159,0.91068,0.77847,0.68329,0.59962,1.1579,0.01408,0.0167835,0.0055945,0.0167835,0.0055945,0.0167835,0.0055945,0.0167835,0.0055945
447,9461.93,0.79419,0.7367,1.18695,0.01318,0.90846,0.87197,0.9107,0.77847,0.6832,0.59947,1.15773,0.01406,0.0167538,0.0055846,0.0167538,0.0055846,0.0167538,0.0055846,0.0167538,0.0055846
448,9542.17,0.78921,0.73035,1.18639,0.01303,0.90524,0.87461,0.91074,0.77878,0.6831,0.5992,1.15789,0.01408,0.0167241,0.0055747,0.0167241,0.0055747,0.0167241,0.0055747,0.0167241,0.0055747
449,9623.12,0.7877,0.73166,1.18257,0.0123,0.90748,0.87263,0.91073,0.77883,0.68298,0.59894,1.15758,0.01407,0.0166944,0.0055648,0.0166944,0.0055648,0.0166944,0.0055648,0.0166944,0.0055648
450,9702.65,0.79537,0.74624,1.18922,0.01271,0.90883,0.87079,0.91066,0.77895,0.68309,0.59912,1.15781,0.01406,0.0166647,0.0055549,0.0166647,0.0055549,0.0166647,0.0055549,0.0166647,0.0055549
451,9782.85,0.79148,0.73124,1.18384,0.01307,0.90839,0.8717,0.91075,0.7788,0.68302,0.59913,1.15758,0.01406,0.016635,0.005545,0.016635,0.005545,0.016635,0.005545,0.016635,0.005545
452,9861.88,0.79103,0.73741,1.18995,0.01324,0.90869,0.87168,0.91083,0.77899,0.68245,0.59842,1.15697,0.01407,0.0166053,0.0055351,0.0166053,0.0055351,0.0166053,0.0055351,0.0166053,0.0055351
453,9941.51,0.78566,0.73644,1.18246,0.01284,0.90796,0.87232,0.91079,0.77902,0.68209,0.59811,1.15673,0.01404,0.0165756,0.0055252,0.0165756,0.0055252,0.0165756,0.0055252,0.0165756,0.0055252
454,10021,0.79411,0.73482,1.18313,0.01254,0.90757,0.87203,0.91085,0.77894,0.68204,0.59818,1.15671,0.01405,0.0165459,0.0055153,0.0165459,0.0055153,0.0165459,0.0055153,0.0165459,0.0055153
455,10102.4,0.78809,0.73041,1.1818,0.01276,0.90673,0.87284,0.91079,0.77907,0.6824,0.59842,1.15686,0.01403,0.0165162,0.0055054,0.0165162,0.0055054,0.0165162,0.0055054,0.0165162,0.0055054
456,10183.1,0.79373,0.74213,1.18462,0.0126,0.90663,0.87288,0.91082,0.7791,0.6823,0.5984,1.15678,0.01401,0.0164865,0.0054955,0.0164865,0.0054955,0.0164865,0.0054955,0.0164865,0.0054955
457,10264.8,0.7857,0.72757,1.18172,0.0134,0.90675,0.8729,0.91094,0.77936,0.68193,0.59804,1.15655,0.01402,0.0164568,0.0054856,0.0164568,0.0054856,0.0164568,0.0054856,0.0164568,0.0054856
458,10345.6,0.77516,0.72328,1.17399,0.01252,0.90735,0.87278,0.91085,0.77917,0.6817,0.5977,1.15621,0.014,0.0164271,0.0054757,0.0164271,0.0054757,0.0164271,0.0054757,0.0164271,0.0054757
459,10427.1,0.78922,0.73022,1.17777,0.01288,0.90712,0.87312,0.91083,0.77934,0.68163,0.5977,1.15611,0.01401,0.0163974,0.0054658,0.0163974,0.0054658,0.0163974,0.0054658,0.0163974,0.0054658
460,10509.1,0.78376,0.73015,1.18296,0.01251,0.90746,0.87323,0.91104,0.77965,0.68114,0.59735,1.15577,0.01402,0.0163677,0.0054559,0.0163677,0.0054559,0.0163677,0.0054559,0.0163677,0.0054559
461,10590.2,0.79527,0.75065,1.18827,0.01279,0.90767,0.87326,0.91112,0.78043,0.6809,0.59666,1.15547,0.01407,0.016338,0.005446,0.016338,0.005446,0.016338,0.005446,0.016338,0.005446
462,10672.6,0.79377,0.74029,1.18161,0.0123,0.90771,0.87301,0.91113,0.78072,0.68075,0.59644,1.15544,0.01406,0.0163083,0.0054361,0.0163083,0.0054361,0.0163083,0.0054361,0.0163083,0.0054361
463,10753.1,0.77999,0.73145,1.1766,0.01313,0.9077,0.87268,0.91101,0.7806,0.68128,0.59697,1.15588,0.01407,0.0162786,0.0054262,0.0162786,0.0054262,0.0162786,0.0054262,0.0162786,0.0054262
464,10833.3,0.79042,0.74114,1.18701,0.01256,0.90722,0.8731,0.91108,0.78094,0.68073,0.59616,1.15535,0.01409,0.0162489,0.0054163,0.0162489,0.0054163,0.0162489,0.0054163,0.0162489,0.0054163
465,10915.5,0.78233,0.73097,1.17879,0.01272,0.90816,0.87255,0.91116,0.78136,0.68002,0.59522,1.15464,0.01416,0.0162192,0.0054064,0.0162192,0.0054064,0.0162192,0.0054064,0.0162192,0.0054064
466,10995.1,0.78273,0.72565,1.1775,0.0127,0.90874,0.87193,0.91114,0.7813,0.67982,0.59516,1.15449,0.01425,0.0161895,0.0053965,0.0161895,0.0053965,0.0161895,0.0053965,0.0161895,0.0053965
467,11076.2,0.77864,0.7294,1.17645,0.01248,0.90832,0.87254,0.91102,0.7813,0.68005,0.59508,1.15492,0.01423,0.0161598,0.0053866,0.0161598,0.0053866,0.0161598,0.0053866,0.0161598,0.0053866
468,11155.3,0.78363,0.73463,1.18181,0.01261,0.90829,0.87239,0.91112,0.78138,0.67947,0.59451,1.15448,0.01421,0.0161301,0.0053767,0.0161301,0.0053767,0.0161301,0.0053767,0.0161301,0.0053767
469,11236.1,0.79147,0.73636,1.18818,0.01319,0.90847,0.87253,0.91107,0.78151,0.67977,0.59462,1.15457,0.01426,0.0161004,0.0053668,0.0161004,0.0053668,0.0161004,0.0053668,0.0161004,0.0053668
470,11315.8,0.77887,0.72852,1.1766,0.01232,0.90835,0.87242,0.91112,0.78149,0.67923,0.5943,1.15412,0.01427,0.0160707,0.0053569,0.0160707,0.0053569,0.0160707,0.0053569,0.0160707,0.0053569
471,11397.3,0.7777,0.72238,1.17897,0.01289,0.90829,0.87213,0.91113,0.78137,0.67928,0.5942,1.15395,0.01427,0.016041,0.005347,0.016041,0.005347,0.016041,0.005347,0.016041,0.005347
472,11479.6,0.78358,0.73354,1.17946,0.01213,0.90866,0.87257,0.91114,0.78158,0.67915,0.59403,1.15381,0.01422,0.0160113,0.0053371,0.0160113,0.0053371,0.0160113,0.0053371,0.0160113,0.0053371
473,11562.2,0.77526,0.72263,1.17218,0.01313,0.90783,0.87293,0.91136,0.78145,0.67894,0.59375,1.15371,0.01421,0.0159816,0.0053272,0.0159816,0.0053272,0.0159816,0.0053272,0.0159816,0.0053272
474,11644.5,0.77667,0.71973,1.17594,0.01219,0.90835,0.87266,0.91134,0.7817,0.67895,0.59336,1.15347,0.01418,0.0159519,0.0053173,0.0159519,0.0053173,0.0159519,0.0053173,0.0159519,0.0053173
475,11725.8,0.78867,0.73308,1.18257,0.01237,0.91146,0.86984,0.91136,0.78153,0.67865,0.59312,1.1533,0.01415,0.0159222,0.0053074,0.0159222,0.0053074,0.0159222,0.0053074,0.0159222,0.0053074
476,11806.2,0.78032,0.72399,1.17698,0.0124,0.91139,0.86965,0.91125,0.78143,0.67905,0.59335,1.15343,0.01414,0.0158925,0.0052975,0.0158925,0.0052975,0.0158925,0.0052975,0.0158925,0.0052975
477,11885.7,0.77736,0.71922,1.17411,0.01265,0.91013,0.87083,0.9114,0.78178,0.67886,0.59333,1.15324,0.01416,0.0158628,0.0052876,0.0158628,0.0052876,0.0158628,0.0052876,0.0158628,0.0052876
478,11965.7,0.78115,0.72332,1.17365,0.01258,0.91199,0.86901,0.91148,0.78202,0.67819,0.59272,1.15255,0.01413,0.0158331,0.0052777,0.0158331,0.0052777,0.0158331,0.0052777,0.0158331,0.0052777
479,12046.7,0.77491,0.71612,1.17345,0.01266,0.91088,0.87099,0.91063,0.78203,0.67793,0.59253,1.15239,0.01408,0.0158034,0.0052678,0.0158034,0.0052678,0.0158034,0.0052678,0.0158034,0.0052678
480,12126.1,0.77936,0.72344,1.17712,0.01222,0.9173,0.86542,0.91166,0.78183,0.6781,0.59258,1.15249,0.0141,0.0157737,0.0052579,0.0157737,0.0052579,0.0157737,0.0052579,0.0157737,0.0052579
481,12206.6,0.77542,0.72627,1.17517,0.01236,0.91715,0.86562,0.9113,0.78225,0.67756,0.59173,1.15192,0.01408,0.015744,0.005248,0.015744,0.005248,0.015744,0.005248,0.015744,0.005248
482,12285.8,0.77916,0.72302,1.17974,0.01322,0.91725,0.86608,0.91133,0.78263,0.67746,0.59187,1.15184,0.01407,0.0157143,0.0052381,0.0157143,0.0052381,0.0157143,0.0052381,0.0157143,0.0052381
483,12366.9,0.78105,0.72793,1.17701,0.01224,0.91742,0.8656,0.91143,0.78255,0.67732,0.59134,1.15154,0.01404,0.0156846,0.0052282,0.0156846,0.0052282,0.0156846,0.0052282,0.0156846,0.0052282
484,12449.6,0.7776,0.7276,1.1753,0.01212,0.91639,0.86707,0.91158,0.7827,0.67683,0.59073,1.1512,0.01404,0.0156549,0.0052183,0.0156549,0.0052183,0.0156549,0.0052183,0.0156549,0.0052183
485,12534.9,0.77338,0.72251,1.17304,0.01216,0.91682,0.86642,0.91157,0.78251,0.67708,0.59058,1.15126,0.01401,0.0156252,0.0052084,0.0156252,0.0052084,0.0156252,0.0052084,0.0156252,0.0052084
486,12618.1,0.78217,0.71508,1.17306,0.01295,0.9193,0.86337,0.91164,0.78276,0.67705,0.59027,1.1512,0.01396,0.0155955,0.0051985,0.0155955,0.0051985,0.0155955,0.0051985,0.0155955,0.0051985
487,12700.3,0.78104,0.72734,1.17569,0.01256,0.91974,0.86319,0.91166,0.78268,0.6766,0.59036,1.15089,0.01394,0.0155658,0.0051886,0.0155658,0.0051886,0.0155658,0.0051886,0.0155658,0.0051886
488,12780.9,0.77491,0.71925,1.17314,0.01281,0.91978,0.86314,0.91169,0.78255,0.67649,0.59005,1.15071,0.01388,0.0155361,0.0051787,0.0155361,0.0051787,0.0155361,0.0051787,0.0155361,0.0051787
489,12860.9,0.76706,0.71157,1.166,0.01225,0.91883,0.86429,0.91125,0.78285,0.67675,0.59062,1.15076,0.01388,0.0155064,0.0051688,0.0155064,0.0051688,0.0155064,0.0051688,0.0155064,0.0051688
490,12941.6,0.77028,0.71623,1.16956,0.01264,0.91712,0.86718,0.91172,0.78279,0.67622,0.58999,1.15041,0.01385,0.0154767,0.0051589,0.0154767,0.0051589,0.0154767,0.0051589,0.0154767,0.0051589
491,13022.2,0.77502,0.72478,1.17485,0.01224,0.91736,0.86741,0.91187,0.7831,0.67566,0.58959,1.15009,0.01382,0.015447,0.005149,0.015447,0.005149,0.015447,0.005149,0.015447,0.005149
492,13102.6,0.78131,0.72577,1.18126,0.01259,0.91783,0.8665,0.91184,0.78282,0.67625,0.58998,1.15044,0.01376,0.0154173,0.0051391,0.0154173,0.0051391,0.0154173,0.0051391,0.0154173,0.0051391
493,13183.3,0.77307,0.7147,1.17172,0.01294,0.91701,0.86736,0.91246,0.78261,0.67578,0.58981,1.1501,0.01374,0.0153876,0.0051292,0.0153876,0.0051292,0.0153876,0.0051292,0.0153876,0.0051292
494,13263.5,0.7744,0.70711,1.16894,0.01212,0.91713,0.86669,0.91185,0.78324,0.67547,0.58936,1.14983,0.01368,0.0153579,0.0051193,0.0153579,0.0051193,0.0153579,0.0051193,0.0153579,0.0051193
495,13344.8,0.76589,0.71445,1.16669,0.01169,0.91664,0.86803,0.91213,0.78286,0.6751,0.58899,1.14952,0.01369,0.0153282,0.0051094,0.0153282,0.0051094,0.0153282,0.0051094,0.0153282,0.0051094
496,13424.8,0.77228,0.71529,1.16891,0.01282,0.91643,0.86841,0.91214,0.78311,0.67487,0.58878,1.14912,0.01364,0.0152985,0.0050995,0.0152985,0.0050995,0.0152985,0.0050995,0.0152985,0.0050995
497,13505.1,0.78182,0.71756,1.17513,0.01251,0.91943,0.86464,0.91199,0.78297,0.67564,0.58959,1.14976,0.01363,0.0152688,0.0050896,0.0152688,0.0050896,0.0152688,0.0050896,0.0152688,0.0050896
498,13585.7,0.77796,0.71914,1.17272,0.01275,0.91913,0.86523,0.91204,0.78346,0.67463,0.58856,1.14884,0.01362,0.0152391,0.0050797,0.0152391,0.0050797,0.0152391,0.0050797,0.0152391,0.0050797
499,13666.9,0.77654,0.72009,1.17918,0.01235,0.91966,0.86504,0.91207,0.78335,0.67479,0.58869,1.14879,0.01363,0.0152094,0.0050698,0.0152094,0.0050698,0.0152094,0.0050698,0.0152094,0.0050698
500,13746.8,0.76664,0.7102,1.16926,0.01171,0.92013,0.86443,0.91214,0.78347,0.67441,0.58835,1.14852,0.01365,0.0151797,0.0050599,0.0151797,0.0050599,0.0151797,0.0050599,0.0151797,0.0050599
501,13826.2,0.77681,0.72232,1.16833,0.01209,0.92005,0.86471,0.91254,0.78379,0.67415,0.58781,1.14826,0.01366,0.01515,0.00505,0.01515,0.00505,0.01515,0.00505,0.01515,0.00505
502,13907.4,0.7668,0.70668,1.16577,0.01222,0.91958,0.86419,0.9125,0.78353,0.67445,0.5884,1.14856,0.01362,0.0151203,0.0050401,0.0151203,0.0050401,0.0151203,0.0050401,0.0151203,0.0050401
503,13989,0.76538,0.71119,1.16821,0.01178,0.91869,0.86406,0.91212,0.7838,0.67407,0.5879,1.14824,0.01361,0.0150906,0.0050302,0.0150906,0.0050302,0.0150906,0.0050302,0.0150906,0.0050302
504,14071.5,0.76981,0.70851,1.1673,0.01234,0.91993,0.86354,0.91213,0.78333,0.67368,0.5877,1.14785,0.01366,0.0150609,0.0050203,0.0150609,0.0050203,0.0150609,0.0050203,0.0150609,0.0050203
505,14155,0.77318,0.71815,1.16843,0.01274,0.92054,0.8635,0.91208,0.78344,0.67367,0.58774,1.148,0.01366,0.0150312,0.0050104,0.0150312,0.0050104,0.0150312,0.0050104,0.0150312,0.0050104
506,14237.3,0.76413,0.71095,1.16486,0.01153,0.92193,0.86287,0.9125,0.78356,0.67358,0.58794,1.14799,0.01364,0.0150015,0.0050005,0.0150015,0.0050005,0.0150015,0.0050005,0.0150015,0.0050005
507,14317.9,0.77281,0.71645,1.16962,0.01243,0.92184,0.86272,0.91265,0.78365,0.67327,0.58755,1.14767,0.01367,0.0149718,0.0049906,0.0149718,0.0049906,0.0149718,0.0049906,0.0149718,0.0049906
508,14398.3,0.75916,0.70301,1.16035,0.01229,0.92218,0.86221,0.9126,0.78357,0.67354,0.5879,1.14794,0.0137,0.0149421,0.0049807,0.0149421,0.0049807,0.0149421,0.0049807,0.0149421,0.0049807
509,14481.3,0.76355,0.71221,1.16776,0.01203,0.92384,0.86159,0.91221,0.78377,0.67288,0.58751,1.14743,0.01369,0.0149124,0.0049708,0.0149124,0.0049708,0.0149124,0.0049708,0.0149124,0.0049708
510,14563.6,0.76646,0.70512,1.16472,0.01241,0.92279,0.86153,0.91269,0.78383,0.67268,0.58723,1.14721,0.01377,0.0148827,0.0049609,0.0148827,0.0049609,0.0148827,0.0049609,0.0148827,0.0049609
511,14646.6,0.77288,0.72032,1.16883,0.01223,0.92295,0.8621,0.91269,0.78379,0.67293,0.5877,1.14729,0.01376,0.014853,0.004951,0.014853,0.004951,0.014853,0.004951,0.014853,0.004951
512,14729.2,0.76726,0.71278,1.16664,0.01232,0.92304,0.86173,0.91272,0.78379,0.67255,0.58716,1.14703,0.01378,0.0148233,0.0049411,0.0148233,0.0049411,0.0148233,0.0049411,0.0148233,0.0049411
513,14811.6,0.76467,0.70598,1.16049,0.01157,0.92338,0.86169,0.91277,0.78418,0.67233,0.58691,1.14686,0.01377,0.0147936,0.0049312,0.0147936,0.0049312,0.0147936,0.0049312,0.0147936,0.0049312
514,14895.2,0.77615,0.72192,1.17639,0.01251,0.9244,0.86131,0.91289,0.78398,0.67257,0.58706,1.14706,0.01371,0.0147639,0.0049213,0.0147639,0.0049213,0.0147639,0.0049213,0.0147639,0.0049213
515,14977.5,0.76142,0.71254,1.16238,0.01147,0.92279,0.86196,0.91292,0.78393,0.67226,0.58684,1.14679,0.01375,0.0147342,0.0049114,0.0147342,0.0049114,0.0147342,0.0049114,0.0147342,0.0049114
516,15061,0.76545,0.70614,1.16245,0.01252,0.92289,0.86171,0.91299,0.78423,0.67224,0.58692,1.14677,0.01372,0.0147045,0.0049015,0.0147045,0.0049015,0.0147045,0.0049015,0.0147045,0.0049015
517,15144.6,0.76469,0.70751,1.16551,0.01191,0.92342,0.86169,0.91308,0.78442,0.67126,0.58609,1.14634,0.01378,0.0146748,0.0048916,0.0146748,0.0048916,0.0146748,0.0048916,0.0146748,0.0048916
518,15228.1,0.75875,0.69449,1.15659,0.0119,0.92331,0.86142,0.91294,0.78412,0.67168,0.58648,1.14645,0.01381,0.0146451,0.0048817,0.0146451,0.0048817,0.0146451,0.0048817,0.0146451,0.0048817
519,15310.6,0.75957,0.70471,1.15546,0.01236,0.92459,0.86062,0.91285,0.78412,0.67108,0.58642,1.14596,0.0138,0.0146154,0.0048718,0.0146154,0.0048718,0.0146154,0.0048718,0.0146154,0.0048718
520,15393.9,0.75818,0.70334,1.15744,0.01167,0.92433,0.86101,0.91305,0.78422,0.671,0.58603,1.14588,0.01378,0.0145857,0.0048619,0.0145857,0.0048619,0.0145857,0.0048619,0.0145857,0.0048619
521,15477.2,0.76082,0.70271,1.15997,0.01233,0.92484,0.86092,0.91301,0.78491,0.67074,0.58572,1.14552,0.0138,0.014556,0.004852,0.014556,0.004852,0.014556,0.004852,0.014556,0.004852
522,15560.5,0.76833,0.71424,1.17139,0.01231,0.92455,0.86074,0.91305,0.78489,0.67114,0.58574,1.14577,0.01374,0.0145263,0.0048421,0.0145263,0.0048421,0.0145263,0.0048421,0.0145263,0.0048421
523,15646.3,0.76585,0.70935,1.16087,0.01175,0.92585,0.85958,0.91306,0.78484,0.67081,0.5855,1.14531,0.01372,0.0144966,0.0048322,0.0144966,0.0048322,0.0144966,0.0048322,0.0144966,0.0048322
524,15732.4,0.76024,0.70967,1.15808,0.01173,0.92605,0.85952,0.913,0.78472,0.67101,0.58569,1.14556,0.01367,0.0144669,0.0048223,0.0144669,0.0048223,0.0144669,0.0048223,0.0144669,0.0048223
525,15818.6,0.75474,0.6996,1.15775,0.01185,0.92536,0.86092,0.91313,0.78523,0.67033,0.58502,1.14519,0.01361,0.0144372,0.0048124,0.0144372,0.0048124,0.0144372,0.0048124,0.0144372,0.0048124
526,15903.1,0.75443,0.69695,1.16017,0.01162,0.92613,0.86093,0.91313,0.78518,0.67016,0.58525,1.14505,0.01361,0.0144075,0.0048025,0.0144075,0.0048025,0.0144075,0.0048025,0.0144075,0.0048025
527,15985.3,0.75851,0.6953,1.16073,0.01264,0.92573,0.86091,0.91333,0.78546,0.67002,0.58491,1.14502,0.0136,0.0143778,0.0047926,0.0143778,0.0047926,0.0143778,0.0047926,0.0143778,0.0047926
528,16068.6,0.76334,0.70587,1.16104,0.01213,0.9264,0.86059,0.91332,0.7853,0.67009,0.58513,1.14491,0.01357,0.0143481,0.0047827,0.0143481,0.0047827,0.0143481,0.0047827,0.0143481,0.0047827
529,16148.7,0.76445,0.70741,1.1626,0.01162,0.92657,0.86078,0.91263,0.78508,0.66999,0.58531,1.14492,0.01354,0.0143184,0.0047728,0.0143184,0.0047728,0.0143184,0.0047728,0.0143184,0.0047728
530,16231.1,0.75708,0.70084,1.15817,0.01256,0.92662,0.86043,0.91316,0.78558,0.66989,0.58494,1.14459,0.01351,0.0142887,0.0047629,0.0142887,0.0047629,0.0142887,0.0047629,0.0142887,0.0047629
531,16314.7,0.75596,0.7009,1.15957,0.01203,0.92622,0.86019,0.91251,0.7855,0.66935,0.58486,1.14422,0.01352,0.014259,0.004753,0.014259,0.004753,0.014259,0.004753,0.014259,0.004753
532,16396.4,0.76427,0.71712,1.16155,0.01186,0.92628,0.86014,0.91277,0.78555,0.66926,0.58473,1.14404,0.01352,0.0142293,0.0047431,0.0142293,0.0047431,0.0142293,0.0047431,0.0142293,0.0047431
533,16478.5,0.76641,0.70872,1.16659,0.01178,0.92602,0.86095,0.91212,0.7854,0.669,0.58419,1.14389,0.01352,0.0141996,0.0047332,0.0141996,0.0047332,0.0141996,0.0047332,0.0141996,0.0047332
534,16562.7,0.76156,0.70148,1.1618,0.01214,0.92664,0.8605,0.91208,0.78527,0.66927,0.58486,1.14403,0.01354,0.0141699,0.0047233,0.0141699,0.0047233,0.0141699,0.0047233,0.0141699,0.0047233
535,16643.7,0.75528,0.69679,1.15612,0.01233,0.92679,0.86123,0.91223,0.78577,0.66838,0.58387,1.14333,0.01351,0.0141402,0.0047134,0.0141402,0.0047134,0.0141402,0.0047134,0.0141402,0.0047134
536,16726.2,0.75211,0.6894,1.15237,0.01223,0.92586,0.8612,0.9121,0.78563,0.66865,0.584,1.1435,0.01352,0.0141105,0.0047035,0.0141105,0.0047035,0.0141105,0.0047035,0.0141105,0.0047035
537,16807.5,0.75263,0.69647,1.1598,0.01166,0.92663,0.8609,0.91203,0.78587,0.6687,0.58377,1.14346,0.01348,0.0140808,0.0046936,0.0140808,0.0046936,0.0140808,0.0046936,0.0140808,0.0046936
538,16890.9,0.74936,0.68606,1.15555,0.0119,0.92635,0.86071,0.91207,0.786,0.66833,0.58387,1.14333,0.01345,0.0140511,0.0046837,0.0140511,0.0046837,0.0140511,0.0046837,0.0140511,0.0046837
539,16974.4,0.76209,0.69873,1.15853,0.01246,0.9263,0.86055,0.91278,0.78629,0.66776,0.58303,1.14289,0.01342,0.0140214,0.0046738,0.0140214,0.0046738,0.0140214,0.0046738,0.0140214,0.0046738
540,17057.5,0.75186,0.70077,1.15428,0.01114,0.92664,0.86047,0.91199,0.78724,0.66766,0.58324,1.14269,0.01345,0.0139917,0.0046639,0.0139917,0.0046639,0.0139917,0.0046639,0.0139917,0.0046639
541,17139.6,0.75982,0.70293,1.15756,0.0118,0.92647,0.86099,0.912,0.78719,0.66743,0.58278,1.14256,0.01343,0.013962,0.004654,0.013962,0.004654,0.013962,0.004654,0.013962,0.004654
542,17222.8,0.74946,0.69373,1.15511,0.01152,0.92674,0.86082,0.91197,0.78729,0.66733,0.58275,1.14241,0.01338,0.0139323,0.0046441,0.0139323,0.0046441,0.0139323,0.0046441,0.0139323,0.0046441
543,17307.3,0.75041,0.69182,1.15335,0.0115,0.92622,0.86086,0.91201,0.7876,0.66686,0.58233,1.14186,0.01341,0.0139026,0.0046342,0.0139026,0.0046342,0.0139026,0.0046342,0.0139026,0.0046342
544,17390.8,0.75227,0.6884,1.15078,0.01198,0.92704,0.86048,0.91193,0.78732,0.66748,0.58275,1.14218,0.01344,0.0138729,0.0046243,0.0138729,0.0046243,0.0138729,0.0046243,0.0138729,0.0046243
545,17474.6,0.7497,0.69224,1.14867,0.01177,0.92735,0.86035,0.91205,0.7876,0.66671,0.58172,1.14163,0.01345,0.0138432,0.0046144,0.0138432,0.0046144,0.0138432,0.0046144,0.0138432,0.0046144
546,17559.8,0.7526,0.6993,1.15615,0.01174,0.92696,0.86069,0.91206,0.78755,0.66659,0.58172,1.1416,0.01344,0.0138135,0.0046045,0.0138135,0.0046045,0.0138135,0.0046045,0.0138135,0.0046045
547,17642.2,0.75637,0.69394,1.15717,0.01137,0.92686,0.8605,0.91198,0.78733,0.66664,0.58166,1.14165,0.01344,0.0137838,0.0045946,0.0137838,0.0045946,0.0137838,0.0045946,0.0137838,0.0045946
548,17725.5,0.74497,0.69616,1.15208,0.01157,0.92654,0.86071,0.91191,0.78744,0.66649,0.58167,1.14134,0.01344,0.0137541,0.0045847,0.0137541,0.0045847,0.0137541,0.0045847,0.0137541,0.0045847
549,17810.7,0.74613,0.69157,1.15334,0.01154,0.92771,0.86038,0.91202,0.78768,0.666,0.58112,1.14102,0.01343,0.0137244,0.0045748,0.0137244,0.0045748,0.0137244,0.0045748,0.0137244,0.0045748
550,17900.3,0.74526,0.69014,1.15053,0.01114,0.92747,0.86037,0.91201,0.78776,0.66595,0.58113,1.14098,0.01345,0.0136947,0.0045649,0.0136947,0.0045649,0.0136947,0.0045649,0.0136947,0.0045649
551,17986.4,0.75635,0.70002,1.15925,0.01184,0.92671,0.86117,0.91266,0.78808,0.6657,0.58072,1.14084,0.01339,0.013665,0.004555,0.013665,0.004555,0.013665,0.004555,0.013665,0.004555
552,18071.5,0.74923,0.68992,1.15101,0.01166,0.92714,0.86043,0.91197,0.78791,0.66571,0.58065,1.14076,0.01339,0.0136353,0.0045451,0.0136353,0.0045451,0.0136353,0.0045451,0.0136353,0.0045451
553,18156.9,0.74289,0.69093,1.14608,0.0113,0.92733,0.86081,0.9127,0.78821,0.66536,0.58008,1.14036,0.01338,0.0136056,0.0045352,0.0136056,0.0045352,0.0136056,0.0045352,0.0136056,0.0045352
554,18243.4,0.74689,0.68311,1.1482,0.01174,0.92712,0.86079,0.91206,0.78781,0.66534,0.58078,1.14033,0.01338,0.0135759,0.0045253,0.0135759,0.0045253,0.0135759,0.0045253,0.0135759,0.0045253
555,18329.1,0.75666,0.69786,1.15686,0.01169,0.92752,0.8608,0.91279,0.78803,0.66462,0.58004,1.13977,0.01336,0.0135462,0.0045154,0.0135462,0.0045154,0.0135462,0.0045154,0.0135462,0.0045154
556,18415.3,0.75182,0.69328,1.15457,0.01163,0.92596,0.86106,0.91199,0.78799,0.66491,0.5808,1.14,0.01336,0.0135165,0.0045055,0.0135165,0.0045055,0.0135165,0.0045055,0.0135165,0.0045055
557,18501.2,0.74734,0.68929,1.15665,0.01171,0.92752,0.86071,0.91274,0.78826,0.66449,0.58021,1.13954,0.01334,0.0134868,0.0044956,0.0134868,0.0044956,0.0134868,0.0044956,0.0134868,0.0044956
558,18587.1,0.75093,0.68871,1.1521,0.01158,0.9274,0.86061,0.91279,0.78832,0.66411,0.57999,1.13936,0.01333,0.0134571,0.0044857,0.0134571,0.0044857,0.0134571,0.0044857,0.0134571,0.0044857
559,18673.5,0.76201,0.70292,1.16458,0.01212,0.92684,0.8609,0.91274,0.78826,0.66411,0.58021,1.13927,0.01334,0.0134274,0.0044758,0.0134274,0.0044758,0.0134274,0.0044758,0.0134274,0.0044758
560,18758.6,0.75168,0.69625,1.15314,0.01176,0.92686,0.86067,0.91269,0.78805,0.66438,0.58021,1.1394,0.01332,0.0133977,0.0044659,0.0133977,0.0044659,0.0133977,0.0044659,0.0133977,0.0044659
561,18844.1,0.75105,0.6919,1.15302,0.01159,0.92686,0.86107,0.91279,0.78823,0.66388,0.58002,1.13899,0.01334,0.013368,0.004456,0.013368,0.004456,0.013368,0.004456,0.013368,0.004456
562,18929.1,0.74335,0.68052,1.14614,0.01171,0.92666,0.86099,0.91288,0.7886,0.66332,0.57928,1.13842,0.01331,0.0133383,0.0044461,0.0133383,0.0044461,0.0133383,0.0044461,0.0133383,0.0044461
563,19013,0.74653,0.68841,1.15049,0.01192,0.92601,0.86202,0.91281,0.78854,0.66332,0.57952,1.13838,0.01333,0.0133086,0.0044362,0.0133086,0.0044362,0.0133086,0.0044362,0.0133086,0.0044362
564,19098.3,0.75259,0.69435,1.14804,0.01137,0.92688,0.86116,0.91282,0.78885,0.66295,0.57931,1.13822,0.01333,0.0132789,0.0044263,0.0132789,0.0044263,0.0132789,0.0044263,0.0132789,0.0044263
565,19184.1,0.75154,0.68559,1.15139,0.01189,0.9271,0.86062,0.9128,0.78888,0.66274,0.57904,1.13791,0.01332,0.0132492,0.0044164,0.0132492,0.0044164,0.0132492,0.0044164,0.0132492,0.0044164
566,19271,0.74912,0.69298,1.15451,0.01159,0.92569,0.86303,0.91287,0.78928,0.66276,0.57879,1.13782,0.01336,0.0132195,0.0044065,0.0132195,0.0044065,0.0132195,0.0044065,0.0132195,0.0044065
567,19356.8,0.74108,0.6763,1.1452,0.0117,0.92773,0.86039,0.91296,0.78946,0.66233,0.57847,1.13742,0.01339,0.0131898,0.0043966,0.0131898,0.0043966,0.0131898,0.0043966,0.0131898,0.0043966
568,19443.1,0.75422,0.69806,1.15568,0.01156,0.92604,0.86327,0.91313,0.78943,0.66195,0.5779,1.13691,0.0134,0.0131601,0.0043867,0.0131601,0.0043867,0.0131601,0.0043867,0.0131601,0.0043867
569,19527,0.73728,0.67729,1.14619,0.012,0.92733,0.86144,0.91302,0.78939,0.66168,0.57765,1.13653,0.01341,0.0131304,0.0043768,0.0131304,0.0043768,0.0131304,0.0043768,0.0131304,0.0043768
570,19612.5,0.74198,0.68715,1.14606,0.01127,0.92721,0.86219,0.91313,0.78955,0.6613,0.57771,1.13627,0.01341,0.0131007,0.0043669,0.0131007,0.0043669,0.0131007,0.0043669,0.0131007,0.0043669
571,19698.2,0.73904,0.67869,1.14208,0.01133,0.9272,0.86268,0.91318,0.78947,0.66139,0.57745,1.13631,0.0134,0.013071,0.004357,0.013071,0.004357,0.013071,0.004357,0.013071,0.004357
572,19784.2,0.74685,0.68541,1.14821,0.01163,0.92613,0.86332,0.91311,0.78941,0.66138,0.57742,1.13646,0.01339,0.0130413,0.0043471,0.0130413,0.0043471,0.0130413,0.0043471,0.0130413,0.0043471
573,19869.6,0.74291,0.67891,1.14965,0.0119,0.92678,0.86315,0.91304,0.78962,0.66053,0.57678,1.13557,0.01338,0.0130116,0.0043372,0.0130116,0.0043372,0.0130116,0.0043372,0.0130116,0.0043372
574,19956,0.74253,0.68103,1.14678,0.01193,0.92703,0.86261,0.91309,0.78979,0.66065,0.57659,1.13573,0.01334,0.0129819,0.0043273,0.0129819,0.0043273,0.0129819,0.0043273,0.0129819,0.0043273
575,20042.3,0.74083,0.67603,1.14434,0.01199,0.92638,0.86312,0.91314,0.78967,0.66056,0.5766,1.13567,0.01329,0.0129522,0.0043174,0.0129522,0.0043174,0.0129522,0.0043174,0.0129522,0.0043174
576,20127.4,0.74402,0.68086,1.14721,0.01185,0.9251,0.86458,0.91325,0.7898,0.66013,0.576,1.13532,0.01327,0.0129225,0.0043075,0.0129225,0.0043075,0.0129225,0.0043075,0.0129225,0.0043075
577,20214.8,0.74711,0.69473,1.15469,0.01157,0.92445,0.86542,0.9131,0.78959,0.66037,0.57612,1.13544,0.01321,0.0128928,0.0042976,0.0128928,0.0042976,0.0128928,0.0042976,0.0128928,0.0042976
578,20301.8,0.73811,0.67998,1.14357,0.01087,0.92423,0.86549,0.91316,0.78982,0.66019,0.57579,1.1352,0.01321,0.0128631,0.0042877,0.0128631,0.0042877,0.0128631,0.0042877,0.0128631,0.0042877
579,20390,0.74336,0.67666,1.14528,0.01172,0.92382,0.86557,0.91311,0.78987,0.66003,0.57559,1.13516,0.01321,0.0128334,0.0042778,0.0128334,0.0042778,0.0128334,0.0042778,0.0128334,0.0042778
580,20478,0.7386,0.67387,1.14203,0.01127,0.92379,0.86483,0.91313,0.78993,0.66003,0.57571,1.13518,0.01318,0.0128037,0.0042679,0.0128037,0.0042679,0.0128037,0.0042679,0.0128037,0.0042679
581,20565.5,0.73145,0.66227,1.13826,0.01127,0.92434,0.86538,0.91316,0.78979,0.65968,0.57541,1.1349,0.01316,0.012774,0.004258,0.012774,0.004258,0.012774,0.004258,0.012774,0.004258
582,20650.4,0.73694,0.6733,1.13849,0.01076,0.92358,0.86794,0.91335,0.79013,0.65928,0.57498,1.13454,0.01314,0.0127443,0.0042481,0.0127443,0.0042481,0.0127443,0.0042481,0.0127443,0.0042481
583,20736.9,0.74148,0.68097,1.1479,0.01195,0.9249,0.86551,0.91328,0.78954,0.65983,0.5751,1.13493,0.0131,0.0127146,0.0042382,0.0127146,0.0042382,0.0127146,0.0042382,0.0127146,0.0042382
584,20823.9,0.7343,0.67386,1.14027,0.01115,0.92432,0.86764,0.91331,0.79012,0.65923,0.57474,1.13436,0.0131,0.0126849,0.0042283,0.0126849,0.0042283,0.0126849,0.0042283,0.0126849,0.0042283
585,20911,0.74067,0.67803,1.14721,0.01162,0.92396,0.86752,0.91338,0.78983,0.65936,0.57468,1.1346,0.01312,0.0126552,0.0042184,0.0126552,0.0042184,0.0126552,0.0042184,0.0126552,0.0042184
586,20998.1,0.73107,0.67434,1.13719,0.01129,0.92395,0.86757,0.91346,0.79025,0.65911,0.57436,1.13427,0.01312,0.0126255,0.0042085,0.0126255,0.0042085,0.0126255,0.0042085,0.0126255,0.0042085
587,21084.7,0.73522,0.67791,1.14163,0.01124,0.92507,0.86697,0.91348,0.79028,0.65938,0.57462,1.13446,0.01308,0.0125958,0.0041986,0.0125958,0.0041986,0.0125958,0.0041986,0.0125958,0.0041986
588,21170.1,0.74081,0.67581,1.14468,0.01174,0.9252,0.86743,0.9136,0.79026,0.65865,0.57418,1.13393,0.01309,0.0125661,0.0041887,0.0125661,0.0041887,0.0125661,0.0041887,0.0125661,0.0041887
589,21257.5,0.73873,0.67583,1.14409,0.01127,0.92488,0.86729,0.91344,0.7901,0.65899,0.57433,1.13405,0.01309,0.0125364,0.0041788,0.0125364,0.0041788,0.0125364,0.0041788,0.0125364,0.0041788
590,21344.9,0.72816,0.66031,1.13511,0.01088,0.92459,0.86798,0.9136,0.7905,0.65821,0.57373,1.13343,0.01308,0.0125067,0.0041689,0.0125067,0.0041689,0.0125067,0.0041689,0.0125067,0.0041689
591,21433.9,0.73623,0.67275,1.14108,0.01127,0.92494,0.86743,0.91356,0.79022,0.65849,0.57384,1.13381,0.01309,0.012477,0.004159,0.012477,0.004159,0.012477,0.004159,0.012477,0.004159
592,21521.1,0.72754,0.66417,1.13776,0.01163,0.92483,0.86708,0.91354,0.79027,0.65872,0.57411,1.13384,0.01308,0.0124473,0.0041491,0.0124473,0.0041491,0.0124473,0.0041491,0.0124473,0.0041491
593,21608.5,0.73157,0.67311,1.14184,0.01101,0.92452,0.86735,0.91308,0.79053,0.65811,0.57358,1.13336,0.01304,0.0124176,0.0041392,0.0124176,0.0041392,0.0124176,0.0041392,0.0124176,0.0041392
594,21696.4,0.7306,0.67179,1.13858,0.01106,0.92413,0.86753,0.91308,0.79044,0.65783,0.57343,1.13313,0.01307,0.0123879,0.0041293,0.0123879,0.0041293,0.0123879,0.0041293,0.0123879,0.0041293
595,21782.7,0.73216,0.67041,1.13786,0.0108,0.923,0.86774,0.91307,0.79058,0.65784,0.57326,1.13306,0.01301,0.0123582,0.0041194,0.0123582,0.0041194,0.0123582,0.0041194,0.0123582,0.0041194
596,21869.8,0.72818,0.67233,1.14285,0.01118,0.92362,0.86725,0.91304,0.79045,0.65805,0.57347,1.13329,0.01296,0.0123285,0.0041095,0.0123285,0.0041095,0.0123285,0.0041095,0.0123285,0.0041095
597,21956.3,0.73042,0.67093,1.14058,0.01203,0.9227,0.86772,0.91308,0.7905,0.65761,0.57306,1.13292,0.01298,0.0122988,0.0040996,0.0122988,0.0040996,0.0122988,0.0040996,0.0122988,0.0040996
598,22043.4,0.7343,0.6722,1.14142,0.01135,0.92297,0.86765,0.91316,0.79062,0.65721,0.57251,1.1326,0.01297,0.0122691,0.0040897,0.0122691,0.0040897,0.0122691,0.0040897,0.0122691,0.0040897
599,22130,0.73133,0.67179,1.13786,0.01111,0.92325,0.86771,0.91316,0.79105,0.65716,0.57259,1.13258,0.01293,0.0122394,0.0040798,0.0122394,0.0040798,0.0122394,0.0040798,0.0122394,0.0040798
600,22216.1,0.73297,0.67032,1.13865,0.01155,0.92301,0.86766,0.91314,0.79087,0.65696,0.57223,1.1323,0.01291,0.0122097,0.0040699,0.0122097,0.0040699,0.0122097,0.0040699,0.0122097,0.0040699
601,22301.6,0.73666,0.67318,1.13928,0.01201,0.92368,0.86749,0.91317,0.79092,0.65674,0.57221,1.13227,0.0129,0.01218,0.00406,0.01218,0.00406,0.01218,0.00406,0.01218,0.00406
602,22387.5,0.73505,0.67335,1.13967,0.01118,0.92235,0.8685,0.91317,0.79077,0.65669,0.57224,1.13228,0.01291,0.0121503,0.0040501,0.0121503,0.0040501,0.0121503,0.0040501,0.0121503,0.0040501
603,22473.7,0.72962,0.66789,1.13685,0.01085,0.9228,0.86789,0.91317,0.79081,0.65682,0.57222,1.1323,0.01289,0.0121206,0.0040402,0.0121206,0.0040402,0.0121206,0.0040402,0.0121206,0.0040402
604,22560.2,0.7291,0.67259,1.13674,0.01109,0.92156,0.86991,0.91326,0.79099,0.65603,0.57169,1.13174,0.01289,0.0120909,0.0040303,0.0120909,0.0040303,0.0120909,0.0040303,0.0120909,0.0040303
605,22646.1,0.72968,0.66689,1.13579,0.01071,0.92186,0.86968,0.91325,0.79111,0.65618,0.57149,1.13172,0.0129,0.0120612,0.0040204,0.0120612,0.0040204,0.0120612,0.0040204,0.0120612,0.0040204
606,22732.7,0.73157,0.66884,1.13451,0.01092,0.92192,0.86998,0.91327,0.79112,0.65619,0.57163,1.13182,0.01292,0.0120315,0.0040105,0.0120315,0.0040105,0.0120315,0.0040105,0.0120315,0.0040105
607,22819.2,0.7266,0.66833,1.13392,0.01087,0.9219,0.86991,0.91324,0.79078,0.65606,0.57157,1.13166,0.01294,0.0120018,0.0040006,0.0120018,0.0040006,0.0120018,0.0040006,0.0120018,0.0040006
608,22903.5,0.72437,0.66481,1.13711,0.01121,0.92162,0.87019,0.91319,0.79105,0.65616,0.57147,1.13158,0.01293,0.0119721,0.0039907,0.0119721,0.0039907,0.0119721,0.0039907,0.0119721,0.0039907
609,22988.9,0.72494,0.66143,1.13959,0.01111,0.92264,0.8696,0.91325,0.79137,0.65578,0.57128,1.13117,0.01296,0.0119424,0.0039808,0.0119424,0.0039808,0.0119424,0.0039808,0.0119424,0.0039808
610,23075.8,0.73166,0.66974,1.13765,0.01163,0.9222,0.87004,0.91339,0.79121,0.65546,0.57099,1.13074,0.01298,0.0119127,0.0039709,0.0119127,0.0039709,0.0119127,0.0039709,0.0119127,0.0039709
611,23162.3,0.72232,0.65797,1.13434,0.01109,0.92063,0.87145,0.91342,0.79137,0.65507,0.57085,1.13046,0.013,0.011883,0.003961,0.011883,0.003961,0.011883,0.003961,0.011883,0.003961
612,23247.6,0.72941,0.66174,1.13824,0.01113,0.92166,0.87073,0.91326,0.79122,0.65549,0.57141,1.13071,0.01298,0.0118533,0.0039511,0.0118533,0.0039511,0.0118533,0.0039511,0.0118533,0.0039511
613,23331.2,0.72085,0.65564,1.13317,0.01096,0.92187,0.87104,0.91332,0.79122,0.65473,0.57074,1.13013,0.01297,0.0118236,0.0039412,0.0118236,0.0039412,0.0118236,0.0039412,0.0118236,0.0039412
614,23416.9,0.72507,0.6649,1.13713,0.01102,0.92088,0.87161,0.91347,0.79154,0.65445,0.57044,1.13004,0.01299,0.0117939,0.0039313,0.0117939,0.0039313,0.0117939,0.0039313,0.0117939,0.0039313
615,23502.4,0.72372,0.65534,1.13065,0.01147,0.92095,0.87192,0.91341,0.79137,0.65484,0.5706,1.13023,0.01299,0.0117642,0.0039214,0.0117642,0.0039214,0.0117642,0.0039214,0.0117642,0.0039214
616,23587.6,0.73053,0.66499,1.13723,0.011,0.92063,0.87273,0.91345,0.79166,0.65438,0.57021,1.12981,0.01297,0.0117345,0.0039115,0.0117345,0.0039115,0.0117345,0.0039115,0.0117345,0.0039115
617,23672.7,0.72538,0.662,1.1355,0.01099,0.92065,0.87271,0.91342,0.79167,0.65431,0.57002,1.12974,0.013,0.0117048,0.0039016,0.0117048,0.0039016,0.0117048,0.0039016,0.0117048,0.0039016
618,23758.1,0.72809,0.65659,1.1335,0.01106,0.92058,0.8732,0.91337,0.79157,0.65399,0.56993,1.12942,0.013,0.0116751,0.0038917,0.0116751,0.0038917,0.0116751,0.0038917,0.0116751,0.0038917
619,23844.6,0.72974,0.66654,1.13993,0.01164,0.92077,0.87291,0.9134,0.79205,0.65396,0.56973,1.12931,0.01298,0.0116454,0.0038818,0.0116454,0.0038818,0.0116454,0.0038818,0.0116454,0.0038818
620,23932.3,0.72747,0.66913,1.13829,0.01121,0.9208,0.87314,0.9135,0.79255,0.65363,0.56965,1.12901,0.01299,0.0116157,0.0038719,0.0116157,0.0038719,0.0116157,0.0038719,0.0116157,0.0038719
621,24019.7,0.72316,0.65869,1.13361,0.01109,0.92121,0.87332,0.91348,0.79262,0.6538,0.56965,1.12918,0.013,0.011586,0.003862,0.011586,0.003862,0.011586,0.003862,0.011586,0.003862
622,24106.5,0.72538,0.65721,1.13348,0.01132,0.92171,0.87312,0.9136,0.79286,0.65317,0.56922,1.12862,0.01301,0.0115563,0.0038521,0.0115563,0.0038521,0.0115563,0.0038521,0.0115563,0.0038521
623,24193.3,0.72739,0.66155,1.1358,0.0113,0.92155,0.87334,0.91351,0.79277,0.65327,0.56923,1.12874,0.01302,0.0115266,0.0038422,0.0115266,0.0038422,0.0115266,0.0038422,0.0115266,0.0038422
624,24279.1,0.72383,0.65445,1.13089,0.01117,0.9215,0.87345,0.91369,0.7931,0.65283,0.56883,1.12837,0.01304,0.0114969,0.0038323,0.0114969,0.0038323,0.0114969,0.0038323,0.0114969,0.0038323
625,24367.2,0.72189,0.64917,1.12457,0.01115,0.92082,0.87302,0.9136,0.79307,0.6532,0.56941,1.12868,0.01303,0.0114672,0.0038224,0.0114672,0.0038224,0.0114672,0.0038224,0.0114672,0.0038224
626,24454.3,0.71565,0.65561,1.12969,0.01056,0.92071,0.8735,0.9137,0.793,0.65267,0.56902,1.12812,0.01303,0.0114375,0.0038125,0.0114375,0.0038125,0.0114375,0.0038125,0.0114375,0.0038125
627,24540.7,0.72151,0.65895,1.13054,0.01132,0.92088,0.87351,0.91373,0.79326,0.65256,0.56922,1.12802,0.01304,0.0114078,0.0038026,0.0114078,0.0038026,0.0114078,0.0038026,0.0114078,0.0038026
628,24627.6,0.719,0.65039,1.12822,0.01071,0.92057,0.87337,0.91377,0.79338,0.6521,0.56887,1.12765,0.01302,0.0113781,0.0037927,0.0113781,0.0037927,0.0113781,0.0037927,0.0113781,0.0037927
629,24715.1,0.71622,0.65012,1.12581,0.01113,0.9202,0.87358,0.91306,0.79328,0.65219,0.56914,1.12787,0.01304,0.0113484,0.0037828,0.0113484,0.0037828,0.0113484,0.0037828,0.0113484,0.0037828
630,24802,0.72594,0.66146,1.13049,0.01089,0.91972,0.87383,0.91298,0.79293,0.65253,0.56926,1.12813,0.01303,0.0113187,0.0037729,0.0113187,0.0037729,0.0113187,0.0037729,0.0113187,0.0037729
631,24887.4,0.72528,0.66063,1.13581,0.01117,0.92052,0.87334,0.91304,0.79328,0.65223,0.56917,1.12782,0.01302,0.011289,0.003763,0.011289,0.003763,0.011289,0.003763,0.011289,0.003763
632,24973.9,0.72653,0.65649,1.13603,0.01075,0.91904,0.87515,0.91303,0.79259,0.65211,0.56904,1.1278,0.01304,0.0112593,0.0037531,0.0112593,0.0037531,0.0112593,0.0037531,0.0112593,0.0037531
633,25061.5,0.72586,0.65863,1.13289,0.01126,0.91931,0.87502,0.91378,0.79345,0.65147,0.5688,1.12727,0.01303,0.0112296,0.0037432,0.0112296,0.0037432,0.0112296,0.0037432,0.0112296,0.0037432
634,25148.5,0.71796,0.6518,1.13066,0.01134,0.91891,0.87498,0.91303,0.79352,0.65173,0.56911,1.12751,0.01307,0.0111999,0.0037333,0.0111999,0.0037333,0.0111999,0.0037333,0.0111999,0.0037333
635,25236.4,0.71703,0.64927,1.12791,0.0112,0.91958,0.87443,0.91306,0.79304,0.65128,0.56874,1.12709,0.01307,0.0111702,0.0037234,0.0111702,0.0037234,0.0111702,0.0037234,0.0111702,0.0037234
636,25323.9,0.72997,0.668,1.13383,0.01088,0.91908,0.87512,0.91307,0.79321,0.65163,0.56917,1.12732,0.01306,0.0111405,0.0037135,0.0111405,0.0037135,0.0111405,0.0037135,0.0111405,0.0037135
637,25410.2,0.71525,0.65106,1.12696,0.01111,0.91972,0.87469,0.91311,0.7934,0.65107,0.56867,1.12693,0.01307,0.0111108,0.0037036,0.0111108,0.0037036,0.0111108,0.0037036,0.0111108,0.0037036
638,25497.7,0.71508,0.64736,1.13136,0.01095,0.91912,0.87485,0.91307,0.79346,0.65115,0.56926,1.12692,0.01302,0.0110811,0.0036937,0.0110811,0.0036937,0.0110811,0.0036937,0.0110811,0.0036937
639,25585.8,0.71426,0.65026,1.12671,0.01088,0.91995,0.87412,0.91322,0.79387,0.65027,0.56777,1.12629,0.01303,0.0110514,0.0036838,0.0110514,0.0036838,0.0110514,0.0036838,0.0110514,0.0036838
640,25672.7,0.71735,0.64852,1.12736,0.01078,0.91956,0.87429,0.91318,0.79339,0.6504,0.56829,1.12652,0.013,0.0110217,0.0036739,0.0110217,0.0036739,0.0110217,0.0036739,0.0110217,0.0036739
641,25758.6,0.71969,0.65274,1.13029,0.01091,0.91991,0.87387,0.91312,0.7938,0.65099,0.56886,1.1268,0.01303,0.010992,0.003664,0.010992,0.003664,0.010992,0.003664,0.010992,0.003664
642,25844.8,0.72216,0.6594,1.12772,0.01086,0.92006,0.87376,0.91313,0.79318,0.65008,0.56804,1.12621,0.01304,0.0109623,0.0036541,0.0109623,0.0036541,0.0109623,0.0036541,0.0109623,0.0036541
643,25930.3,0.72054,0.65874,1.13035,0.01124,0.92046,0.87408,0.91326,0.79369,0.64951,0.56733,1.1258,0.01301,0.0109326,0.0036442,0.0109326,0.0036442,0.0109326,0.0036442,0.0109326,0.0036442
644,26014.9,0.71094,0.64776,1.12777,0.01066,0.91824,0.87542,0.91315,0.79333,0.65052,0.5683,1.1265,0.01298,0.0109029,0.0036343,0.0109029,0.0036343,0.0109029,0.0036343,0.0109029,0.0036343
645,26100.4,0.71541,0.6497,1.12538,0.01068,0.91866,0.87506,0.91315,0.79358,0.65046,0.56801,1.12632,0.01301,0.0108732,0.0036244,0.0108732,0.0036244,0.0108732,0.0036244,0.0108732,0.0036244
646,26185.7,0.72041,0.65459,1.12774,0.01124,0.91863,0.87504,0.91325,0.79375,0.64954,0.56737,1.12564,0.01302,0.0108435,0.0036145,0.0108435,0.0036145,0.0108435,0.0036145,0.0108435,0.0036145
647,26269.2,0.70897,0.64911,1.12403,0.01068,0.91769,0.87562,0.91324,0.79362,0.64956,0.56725,1.12565,0.01301,0.0108138,0.0036046,0.0108138,0.0036046,0.0108138,0.0036046,0.0108138,0.0036046
648,26352.1,0.71559,0.65316,1.12766,0.0108,0.91781,0.8754,0.9133,0.79423,0.64884,0.56698,1.12513,0.01304,0.0107841,0.0035947,0.0107841,0.0035947,0.0107841,0.0035947,0.0107841,0.0035947
649,26436.4,0.71078,0.65245,1.12107,0.01061,0.91697,0.87567,0.9133,0.79384,0.64906,0.5667,1.12516,0.013,0.0107544,0.0035848,0.0107544,0.0035848,0.0107544,0.0035848,0.0107544,0.0035848
650,26520.2,0.71734,0.65208,1.12611,0.01128,0.91683,0.87559,0.9133,0.7938,0.64928,0.56682,1.12513,0.01304,0.0107247,0.0035749,0.0107247,0.0035749,0.0107247,0.0035749,0.0107247,0.0035749
651,26604,0.71106,0.64609,1.12014,0.01036,0.91704,0.87613,0.91334,0.79399,0.6492,0.56666,1.12504,0.01302,0.010695,0.003565,0.010695,0.003565,0.010695,0.003565,0.010695,0.003565
652,26688.7,0.71245,0.64993,1.12002,0.01024,0.9172,0.87537,0.91342,0.794,0.64881,0.56652,1.1248,0.01303,0.0106653,0.0035551,0.0106653,0.0035551,0.0106653,0.0035551,0.0106653,0.0035551
653,26774.1,0.71178,0.65028,1.12413,0.01074,0.91744,0.87548,0.91348,0.7947,0.64827,0.56615,1.12428,0.01298,0.0106356,0.0035452,0.0106356,0.0035452,0.0106356,0.0035452,0.0106356,0.0035452
654,26857.8,0.72397,0.65835,1.13052,0.01122,0.91723,0.87545,0.9135,0.79394,0.64841,0.56605,1.12436,0.01299,0.0106059,0.0035353,0.0106059,0.0035353,0.0106059,0.0035353,0.0106059,0.0035353
655,26941.4,0.71275,0.6446,1.12025,0.01109,0.91729,0.87581,0.91354,0.7941,0.64826,0.56585,1.12418,0.01296,0.0105762,0.0035254,0.0105762,0.0035254,0.0105762,0.0035254,0.0105762,0.0035254
656,27030.2,0.71444,0.65046,1.12628,0.01101,0.91612,0.87675,0.91352,0.79447,0.64849,0.56612,1.12432,0.01296,0.0105465,0.0035155,0.0105465,0.0035155,0.0105465,0.0035155,0.0105465,0.0035155
657,27117.1,0.71148,0.65023,1.12132,0.01064,0.91588,0.87693,0.91354,0.79484,0.64802,0.56569,1.12403,0.01292,0.0105168,0.0035056,0.0105168,0.0035056,0.0105168,0.0035056,0.0105168,0.0035056
658,27204.3,0.71598,0.65656,1.12512,0.01085,0.91648,0.87716,0.91363,0.79473,0.64816,0.56556,1.12379,0.01289,0.0104871,0.0034957,0.0104871,0.0034957,0.0104871,0.0034957,0.0104871,0.0034957
659,27290.7,0.70928,0.64967,1.12324,0.01096,0.91665,0.8763,0.91356,0.79431,0.6476,0.56518,1.12348,0.01286,0.0104574,0.0034858,0.0104574,0.0034858,0.0104574,0.0034858,0.0104574,0.0034858
660,27375.4,0.71932,0.66174,1.12578,0.01114,0.91487,0.87747,0.91361,0.79445,0.64769,0.56512,1.12348,0.01285,0.0104277,0.0034759,0.0104277,0.0034759,0.0104277,0.0034759,0.0104277,0.0034759
661,27461.4,0.71253,0.64147,1.12533,0.01105,0.91552,0.87705,0.91365,0.79473,0.64724,0.56496,1.12318,0.01283,0.010398,0.003466,0.010398,0.003466,0.010398,0.003466,0.010398,0.003466
662,27547.7,0.7069,0.64073,1.11971,0.01039,0.91565,0.87741,0.91368,0.79421,0.64726,0.56499,1.12315,0.0128,0.0103683,0.0034561,0.0103683,0.0034561,0.0103683,0.0034561,0.0103683,0.0034561
663,27633.3,0.71546,0.64558,1.12126,0.01078,0.91507,0.8782,0.91371,0.79351,0.64753,0.56489,1.1232,0.01277,0.0103386,0.0034462,0.0103386,0.0034462,0.0103386,0.0034462,0.0103386,0.0034462
664,27715.7,0.70623,0.64282,1.1214,0.01061,0.91519,0.87759,0.91369,0.79343,0.64748,0.56517,1.12312,0.01276,0.0103089,0.0034363,0.0103089,0.0034363,0.0103089,0.0034363,0.0103089,0.0034363
665,27799.8,0.71011,0.64727,1.12544,0.01076,0.91611,0.87681,0.91381,0.79358,0.64719,0.56488,1.12302,0.01274,0.0102792,0.0034264,0.0102792,0.0034264,0.0102792,0.0034264,0.0102792,0.0034264
666,27884.2,0.70681,0.63732,1.11812,0.01023,0.9166,0.87709,0.91394,0.7938,0.64672,0.56432,1.12261,0.01271,0.0102495,0.0034165,0.0102495,0.0034165,0.0102495,0.0034165,0.0102495,0.0034165
667,27968.6,0.7107,0.65255,1.1196,0.01094,0.91642,0.87674,0.91383,0.79363,0.64696,0.56447,1.12278,0.01267,0.0102198,0.0034066,0.0102198,0.0034066,0.0102198,0.0034066,0.0102198,0.0034066
668,28053.7,0.70682,0.64376,1.11922,0.01052,0.91601,0.87722,0.9139,0.79405,0.64632,0.56395,1.12211,0.01266,0.0101901,0.0033967,0.0101901,0.0033967,0.0101901,0.0033967,0.0101901,0.0033967
669,28138.9,0.70868,0.6481,1.1236,0.01092,0.91714,0.8765,0.91387,0.79406,0.646,0.56366,1.12177,0.01268,0.0101604,0.0033868,0.0101604,0.0033868,0.0101604,0.0033868,0.0101604,0.0033868
670,28224.1,0.71016,0.65065,1.12675,0.01003,0.9169,0.87632,0.9138,0.79403,0.64616,0.564,1.12182,0.01267,0.0101307,0.0033769,0.0101307,0.0033769,0.0101307,0.0033769,0.0101307,0.0033769
671,28308.2,0.70241,0.64466,1.118,0.01021,0.91787,0.87487,0.91387,0.79397,0.64607,0.56394,1.12181,0.01265,0.010101,0.003367,0.010101,0.003367,0.010101,0.003367,0.010101,0.003367
672,28393.5,0.71025,0.64397,1.121,0.0112,0.91767,0.87537,0.91387,0.79414,0.64572,0.56381,1.12152,0.01266,0.0100713,0.0033571,0.0100713,0.0033571,0.0100713,0.0033571,0.0100713,0.0033571
673,28478.7,0.70075,0.63537,1.11749,0.01082,0.91941,0.87464,0.91382,0.79403,0.64568,0.56366,1.1215,0.01267,0.0100416,0.0033472,0.0100416,0.0033472,0.0100416,0.0033472,0.0100416,0.0033472
674,28564.7,0.70043,0.63931,1.11666,0.01048,0.9178,0.87612,0.91384,0.79429,0.64526,0.56325,1.12118,0.01267,0.0100119,0.0033373,0.0100119,0.0033373,0.0100119,0.0033373,0.0100119,0.0033373
675,91.2346,0.68784,0.61514,1.1058,0.01093,0.91745,0.87627,0.91391,0.79414,0.64543,0.56332,1.12138,0.01268,0.0099822,0.0033274,0.0099822,0.0033274,0.0099822,0.0033274,0.0099822,0.0033274
676,177.282,0.69428,0.6098,1.10926,0.01121,0.91743,0.87669,0.91393,0.79449,0.64541,0.56331,1.12125,0.01266,0.0099525,0.0033175,0.0099525,0.0033175,0.0099525,0.0033175,0.0099525,0.0033175
677,262.561,0.6962,0.62306,1.11611,0.01103,0.91786,0.87581,0.91386,0.79444,0.64541,0.56321,1.12131,0.01267,0.0099228,0.0033076,0.0099228,0.0033076,0.0099228,0.0033076,0.0099228,0.0033076
678,347.842,0.70565,0.63802,1.12184,0.01065,0.91745,0.87583,0.91386,0.79433,0.64534,0.56313,1.12125,0.01267,0.0098931,0.0032977,0.0098931,0.0032977,0.0098931,0.0032977,0.0098931,0.0032977
679,432.175,0.70688,0.6397,1.12326,0.01102,0.91895,0.87492,0.91387,0.79431,0.64541,0.56306,1.12137,0.01266,0.0098634,0.0032878,0.0098634,0.0032878,0.0098634,0.0032878,0.0098634,0.0032878
680,518.182,0.69994,0.63113,1.11834,0.01093,0.92013,0.87415,0.91392,0.79433,0.64516,0.56265,1.12119,0.01268,0.0098337,0.0032779,0.0098337,0.0032779,0.0098337,0.0032779,0.0098337,0.0032779
681,604.119,0.7033,0.63072,1.12215,0.01073,0.9204,0.87368,0.9139,0.79446,0.64528,0.56305,1.12135,0.01269,0.009804,0.003268,0.009804,0.003268,0.009804,0.003268,0.009804,0.003268
682,690.636,0.69967,0.62599,1.11384,0.01057,0.91986,0.87383,0.9139,0.79437,0.64541,0.56318,1.1213,0.01271,0.0097743,0.0032581,0.0097743,0.0032581,0.0097743,0.0032581,0.0097743,0.0032581
683,775.061,0.7083,0.63929,1.12345,0.01127,0.92027,0.87446,0.91399,0.79429,0.645,0.56279,1.12116,0.01272,0.0097446,0.0032482,0.0097446,0.0032482,0.0097446,0.0032482,0.0097446,0.0032482
684,861.233,0.71575,0.64216,1.12578,0.01119,0.92023,0.87472,0.91405,0.79458,0.64502,0.56255,1.12109,0.01273,0.0097149,0.0032383,0.0097149,0.0032383,0.0097149,0.0032383,0.0097149,0.0032383
685,946.27,0.70644,0.6319,1.12291,0.01098,0.9199,0.87414,0.91401,0.79448,0.64545,0.56281,1.1215,0.01274,0.0096852,0.0032284,0.0096852,0.0032284,0.0096852,0.0032284,0.0096852,0.0032284
686,1030.63,0.70627,0.63622,1.11686,0.0109,0.91956,0.87477,0.91403,0.79461,0.6452,0.56278,1.12134,0.01277,0.0096555,0.0032185,0.0096555,0.0032185,0.0096555,0.0032185,0.0096555,0.0032185
687,1117.15,0.71606,0.64431,1.12728,0.01114,0.92007,0.87444,0.91406,0.79439,0.64521,0.56263,1.1212,0.01276,0.0096258,0.0032086,0.0096258,0.0032086,0.0096258,0.0032086,0.0096258,0.0032086
688,1204.25,0.70894,0.6333,1.12477,0.01123,0.91918,0.87475,0.9141,0.79448,0.6447,0.56252,1.12084,0.01278,0.0095961,0.0031987,0.0095961,0.0031987,0.0095961,0.0031987,0.0095961,0.0031987
689,1288.76,0.70493,0.63801,1.12335,0.01076,0.91984,0.87431,0.91405,0.79446,0.64472,0.56238,1.12081,0.01279,0.0095664,0.0031888,0.0095664,0.0031888,0.0095664,0.0031888,0.0095664,0.0031888
690,1373.67,0.70881,0.64113,1.12526,0.01082,0.92073,0.87379,0.91395,0.79438,0.64513,0.56321,1.12121,0.01276,0.0095367,0.0031789,0.0095367,0.0031789,0.0095367,0.0031789,0.0095367,0.0031789
691,1458.59,0.71357,0.64057,1.12629,0.01137,0.92063,0.87396,0.91398,0.7947,0.64485,0.56268,1.12104,0.01278,0.009507,0.003169,0.009507,0.003169,0.009507,0.003169,0.009507,0.003169
692,1543.59,0.72279,0.65677,1.13527,0.01103,0.92504,0.87158,0.91413,0.7947,0.64439,0.56189,1.12075,0.01278,0.0094773,0.0031591,0.0094773,0.0031591,0.0094773,0.0031591,0.0094773,0.0031591
693,1627.9,0.70949,0.64529,1.13056,0.01115,0.92188,0.87296,0.91351,0.79469,0.64425,0.562,1.12058,0.01278,0.0094476,0.0031492,0.0094476,0.0031492,0.0094476,0.0031492,0.0094476,0.0031492
694,1712.3,0.70536,0.64039,1.12167,0.01081,0.92575,0.87111,0.91356,0.79475,0.64445,0.56212,1.12065,0.01278,0.0094179,0.0031393,0.0094179,0.0031393,0.0094179,0.0031393,0.0094179,0.0031393
695,1795.91,0.70774,0.6444,1.1232,0.01124,0.924,0.87208,0.91426,0.79458,0.6445,0.56201,1.12067,0.01278,0.0093882,0.0031294,0.0093882,0.0031294,0.0093882,0.0031294,0.0093882,0.0031294
696,1881.11,0.70165,0.63833,1.12024,0.01129,0.92547,0.87109,0.91358,0.79482,0.64473,0.56244,1.12094,0.0128,0.0093585,0.0031195,0.0093585,0.0031195,0.0093585,0.0031195,0.0093585,0.0031195
697,1966.55,0.6977,0.62978,1.11689,0.01091,0.924,0.87201,0.91435,0.79513,0.64418,0.56167,1.12051,0.01282,0.0093288,0.0031096,0.0093288,0.0031096,0.0093288,0.0031096,0.0093288,0.0031096
698,2053.27,0.71,0.64167,1.11936,0.01126,0.92476,0.87172,0.91424,0.79522,0.64464,0.56187,1.12093,0.01277,0.0092991,0.0030997,0.0092991,0.0030997,0.0092991,0.0030997,0.0092991,0.0030997
699,2138.76,0.69791,0.63236,1.11637,0.01078,0.92419,0.87195,0.91423,0.79517,0.64457,0.56217,1.12095,0.01276,0.0092694,0.0030898,0.0092694,0.0030898,0.0092694,0.0030898,0.0092694,0.0030898
700,2223.51,0.70662,0.63971,1.12105,0.01064,0.92546,0.87176,0.91436,0.7953,0.64441,0.56183,1.1209,0.01273,0.0092397,0.0030799,0.0092397,0.0030799,0.0092397,0.0030799,0.0092397,0.0030799
701,2309.45,0.70387,0.63515,1.1191,0.01079,0.92467,0.87207,0.91435,0.79534,0.64435,0.56164,1.12079,0.01275,0.00921,0.00307,0.00921,0.00307,0.00921,0.00307,0.00921,0.00307
702,2394.06,0.70182,0.63513,1.11457,0.01054,0.92474,0.87228,0.91498,0.79541,0.64428,0.56175,1.12068,0.01279,0.0091803,0.0030601,0.0091803,0.0030601,0.0091803,0.0030601,0.0091803,0.0030601
703,2479.15,0.70963,0.64322,1.12576,0.011,0.92496,0.87241,0.91497,0.79529,0.64425,0.56162,1.12075,0.01272,0.0091506,0.0030502,0.0091506,0.0030502,0.0091506,0.0030502,0.0091506,0.0030502
704,2563.53,0.70357,0.63231,1.11828,0.01139,0.92541,0.87236,0.91505,0.79509,0.64407,0.56179,1.12062,0.01272,0.0091209,0.0030403,0.0091209,0.0030403,0.0091209,0.0030403,0.0091209,0.0030403
705,2648.29,0.70634,0.63454,1.12337,0.01088,0.92539,0.8723,0.91502,0.79515,0.644,0.56156,1.12052,0.0127,0.0090912,0.0030304,0.0090912,0.0030304,0.0090912,0.0030304,0.0090912,0.0030304
706,2734.4,0.70439,0.63101,1.12061,0.0112,0.92565,0.87206,0.91443,0.7949,0.64439,0.56171,1.12077,0.01272,0.0090615,0.0030205,0.0090615,0.0030205,0.0090615,0.0030205,0.0090615,0.0030205
707,2818.56,0.70326,0.63302,1.11977,0.01027,0.92583,0.8722,0.91444,0.79496,0.64441,0.56178,1.12077,0.01269,0.0090318,0.0030106,0.0090318,0.0030106,0.0090318,0.0030106,0.0090318,0.0030106
708,2904.27,0.69224,0.62242,1.11173,0.01095,0.92583,0.87218,0.9145,0.79488,0.64407,0.56151,1.1206,0.01267,0.0090021,0.0030007,0.0090021,0.0030007,0.0090021,0.0030007,0.0090021,0.0030007
709,2990.14,0.70149,0.64038,1.11613,0.01059,0.92587,0.87206,0.91453,0.79509,0.64396,0.56168,1.12051,0.01265,0.0089724,0.0029908,0.0089724,0.0029908,0.0089724,0.0029908,0.0089724,0.0029908
710,3074.74,0.70037,0.63215,1.11299,0.0108,0.92534,0.87216,0.91445,0.79546,0.64405,0.56179,1.1206,0.01266,0.0089427,0.0029809,0.0089427,0.0029809,0.0089427,0.0029809,0.0089427,0.0029809
711,3159.75,0.70162,0.63515,1.11851,0.01028,0.92425,0.87327,0.91448,0.79577,0.64377,0.56138,1.12034,0.01265,0.008913,0.002971,0.008913,0.002971,0.008913,0.002971,0.008913,0.002971
712,3246.08,0.69348,0.62262,1.11054,0.01056,0.92149,0.87573,0.91515,0.79572,0.64311,0.56111,1.11984,0.01261,0.0088833,0.0029611,0.0088833,0.0029611,0.0088833,0.0029611,0.0088833,0.0029611
713,3331.35,0.69587,0.62553,1.11254,0.01044,0.92572,0.87272,0.91515,0.79584,0.64358,0.5613,1.12023,0.0126,0.0088536,0.0029512,0.0088536,0.0029512,0.0088536,0.0029512,0.0088536,0.0029512
714,3416.95,0.70186,0.63901,1.12052,0.0107,0.92382,0.87361,0.91511,0.79583,0.64322,0.56099,1.12017,0.01257,0.0088239,0.0029413,0.0088239,0.0029413,0.0088239,0.0029413,0.0088239,0.0029413
715,3503.25,0.70138,0.62773,1.1185,0.011,0.9244,0.87348,0.91515,0.79595,0.64303,0.56133,1.12,0.01255,0.0087942,0.0029314,0.0087942,0.0029314,0.0087942,0.0029314,0.0087942,0.0029314
716,3589.73,0.70668,0.6374,1.12061,0.01097,0.92254,0.8742,0.91512,0.79599,0.6433,0.56159,1.12006,0.01256,0.0087645,0.0029215,0.0087645,0.0029215,0.0087645,0.0029215,0.0087645,0.0029215
717,3673.79,0.70091,0.62889,1.11909,0.01102,0.92348,0.87356,0.91518,0.79589,0.64329,0.56091,1.11985,0.01252,0.0087348,0.0029116,0.0087348,0.0029116,0.0087348,0.0029116,0.0087348,0.0029116
718,3759.79,0.69477,0.63053,1.11495,0.0107,0.92334,0.87376,0.91515,0.79574,0.64308,0.56135,1.11967,0.01251,0.0087051,0.0029017,0.0087051,0.0029017,0.0087051,0.0029017,0.0087051,0.0029017
719,3843.75,0.70404,0.63854,1.12127,0.01088,0.92498,0.87255,0.91519,0.79609,0.64268,0.56091,1.11938,0.01249,0.0086754,0.0028918,0.0086754,0.0028918,0.0086754,0.0028918,0.0086754,0.0028918
720,3929.25,0.71023,0.63433,1.11789,0.01075,0.92315,0.87371,0.91531,0.79612,0.64236,0.56052,1.11917,0.01248,0.0086457,0.0028819,0.0086457,0.0028819,0.0086457,0.0028819,0.0086457,0.0028819
721,4014.58,0.69607,0.62861,1.1089,0.0107,0.92376,0.87305,0.91527,0.7961,0.6425,0.56027,1.11907,0.01242,0.008616,0.002872,0.008616,0.002872,0.008616,0.002872,0.008616,0.002872
722,4098.09,0.69427,0.62746,1.1149,0.01027,0.92352,0.87249,0.91527,0.79602,0.64248,0.56013,1.11909,0.0124,0.0085863,0.0028621,0.0085863,0.0028621,0.0085863,0.0028621,0.0085863,0.0028621
723,4184.52,0.69503,0.62616,1.11171,0.01052,0.9236,0.87302,0.91537,0.79594,0.64223,0.56019,1.11897,0.0124,0.0085566,0.0028522,0.0085566,0.0028522,0.0085566,0.0028522,0.0085566,0.0028522
724,4270.75,0.70094,0.63988,1.11423,0.01048,0.92343,0.87287,0.91531,0.79618,0.64208,0.56028,1.11874,0.01235,0.0085269,0.0028423,0.0085269,0.0028423,0.0085269,0.0028423,0.0085269,0.0028423
725,4355.19,0.69298,0.62875,1.11567,0.01103,0.92333,0.87316,0.91536,0.79633,0.64178,0.56027,1.11842,0.01239,0.0084972,0.0028324,0.0084972,0.0028324,0.0084972,0.0028324,0.0084972,0.0028324
726,4441.94,0.70074,0.63325,1.11586,0.01064,0.92366,0.87307,0.9154,0.7964,0.64162,0.56038,1.11851,0.01239,0.0084675,0.0028225,0.0084675,0.0028225,0.0084675,0.0028225,0.0084675,0.0028225
727,4528.29,0.68964,0.61448,1.11038,0.01062,0.92337,0.87352,0.9147,0.7961,0.64212,0.56105,1.11887,0.01235,0.0084378,0.0028126,0.0084378,0.0028126,0.0084378,0.0028126,0.0084378,0.0028126
728,4614.19,0.69783,0.62968,1.11589,0.01033,0.92355,0.87425,0.91462,0.79588,0.6422,0.56095,1.11874,0.0123,0.0084081,0.0028027,0.0084081,0.0028027,0.0084081,0.0028027,0.0084081,0.0028027
729,4700.72,0.69725,0.62722,1.11879,0.0108,0.92295,0.87475,0.91463,0.79615,0.64159,0.56097,1.11847,0.01228,0.0083784,0.0027928,0.0083784,0.0027928,0.0083784,0.0027928,0.0083784,0.0027928
730,4786.97,0.69646,0.63639,1.11303,0.01056,0.92352,0.87449,0.91548,0.79677,0.64138,0.56077,1.11824,0.01228,0.0083487,0.0027829,0.0083487,0.0027829,0.0083487,0.0027829,0.0083487,0.0027829
731,4871.92,0.69289,0.62071,1.10783,0.01029,0.92378,0.87454,0.91461,0.79581,0.64184,0.56067,1.1184,0.01226,0.008319,0.002773,0.008319,0.002773,0.008319,0.002773,0.008319,0.002773
732,4954.1,0.69257,0.61945,1.109,0.0108,0.92337,0.87407,0.91449,0.79592,0.64175,0.56066,1.1182,0.01224,0.0082893,0.0027631,0.0082893,0.0027631,0.0082893,0.0027631,0.0082893,0.0027631
733,5038.75,0.6958,0.62944,1.11243,0.01084,0.92406,0.87415,0.91459,0.79615,0.6417,0.56063,1.11819,0.01222,0.0082596,0.0027532,0.0082596,0.0027532,0.0082596,0.0027532,0.0082596,0.0027532
734,5126.1,0.69679,0.63204,1.11429,0.0111,0.9233,0.8736,0.91453,0.7956,0.64188,0.56092,1.11832,0.01226,0.0082299,0.0027433,0.0082299,0.0027433,0.0082299,0.0027433,0.0082299,0.0027433
735,5211.08,0.6953,0.63125,1.11404,0.01096,0.92379,0.8745,0.91544,0.79648,0.64138,0.56014,1.11782,0.01222,0.0082002,0.0027334,0.0082002,0.0027334,0.0082002,0.0027334,0.0082002,0.0027334
736,5297.37,0.69831,0.63517,1.11878,0.01079,0.92422,0.8752,0.9154,0.79607,0.64158,0.5604,1.11802,0.01222,0.0081705,0.0027235,0.0081705,0.0027235,0.0081705,0.0027235,0.0081705,0.0027235
737,5380.45,0.68933,0.61556,1.10601,0.01066,0.9244,0.87523,0.91485,0.79626,0.64107,0.56004,1.11763,0.0122,0.0081408,0.0027136,0.0081408,0.0027136,0.0081408,0.0027136,0.0081408,0.0027136
738,5462.8,0.6966,0.62578,1.11526,0.01059,0.92427,0.87379,0.91479,0.79599,0.64116,0.56038,1.1177,0.01218,0.0081111,0.0027037,0.0081111,0.0027037,0.0081111,0.0027037,0.0081111,0.0027037
739,5546.01,0.69296,0.62523,1.10976,0.01095,0.92465,0.87467,0.91487,0.79658,0.64063,0.55966,1.11748,0.01224,0.0080814,0.0026938,0.0080814,0.0026938,0.0080814,0.0026938,0.0080814,0.0026938
740,5629.06,0.70012,0.63127,1.11467,0.01105,0.92469,0.87459,0.91481,0.79622,0.64077,0.56017,1.11748,0.01221,0.0080517,0.0026839,0.0080517,0.0026839,0.0080517,0.0026839,0.0080517,0.0026839
741,5713.2,0.69523,0.62547,1.108,0.01053,0.92492,0.87434,0.91481,0.79639,0.6405,0.55979,1.11719,0.01222,0.008022,0.002674,0.008022,0.002674,0.008022,0.002674,0.008022,0.002674
742,5795.34,0.68824,0.62393,1.10579,0.01008,0.92485,0.87423,0.91486,0.79636,0.64069,0.5597,1.11726,0.01226,0.0079923,0.0026641,0.0079923,0.0026641,0.0079923,0.0026641,0.0079923,0.0026641
743,5878.7,0.69217,0.62761,1.11367,0.01047,0.92546,0.87402,0.91492,0.79661,0.64003,0.55912,1.11685,0.01225,0.0079626,0.0026542,0.0079626,0.0026542,0.0079626,0.0026542,0.0079626,0.0026542
744,5961.66,0.69054,0.6177,1.10886,0.01035,0.92624,0.87324,0.9147,0.79623,0.64049,0.55973,1.11708,0.01228,0.0079329,0.0026443,0.0079329,0.0026443,0.0079329,0.0026443,0.0079329,0.0026443
745,6045.76,0.68567,0.61839,1.10816,0.0106,0.9268,0.87359,0.91474,0.79658,0.63998,0.55914,1.11676,0.01228,0.0079032,0.0026344,0.0079032,0.0026344,0.0079032,0.0026344,0.0079032,0.0026344
746,6129.77,0.68723,0.61926,1.10709,0.01044,0.92709,0.87319,0.91487,0.79637,0.64031,0.56001,1.11705,0.01235,0.0078735,0.0026245,0.0078735,0.0026245,0.0078735,0.0026245,0.0078735,0.0026245
747,6212.06,0.68622,0.6212,1.10455,0.01013,0.9263,0.87323,0.91469,0.79636,0.64068,0.55977,1.11712,0.01231,0.0078438,0.0026146,0.0078438,0.0026146,0.0078438,0.0026146,0.0078438,0.0026146
748,6295.92,0.68948,0.61697,1.11082,0.0104,0.92554,0.87302,0.9147,0.79681,0.63984,0.55902,1.1165,0.01231,0.0078141,0.0026047,0.0078141,0.0026047,0.0078141,0.0026047,0.0078141,0.0026047
749,6378.7,0.68448,0.61798,1.10662,0.01033,0.92645,0.87341,0.91483,0.79652,0.64044,0.56011,1.1169,0.01228,0.0077844,0.0025948,0.0077844,0.0025948,0.0077844,0.0025948,0.0077844,0.0025948
750,6462.59,0.68957,0.62216,1.10995,0.01035,0.92491,0.87426,0.91478,0.79612,0.64088,0.56062,1.11718,0.01228,0.0077547,0.0025849,0.0077547,0.0025849,0.0077547,0.0025849,0.0077547,0.0025849
751,6545.38,0.68383,0.61418,1.10998,0.01043,0.92628,0.87315,0.91547,0.79691,0.63984,0.5602,1.11653,0.01236,0.007725,0.002575,0.007725,0.002575,0.007725,0.002575,0.007725,0.002575
752,6631.66,0.68211,0.61035,1.10161,0.01012,0.92496,0.87361,0.91539,0.79642,0.64029,0.5608,1.11683,0.01233,0.0076953,0.0025651,0.0076953,0.0025651,0.0076953,0.0025651,0.0076953,0.0025651
753,6717.29,0.68721,0.6214,1.10728,0.00998,0.92449,0.87421,0.91546,0.79642,0.63976,0.56051,1.11642,0.01232,0.0076656,0.0025552,0.0076656,0.0025552,0.0076656,0.0025552,0.0076656,0.0025552
754,6800.98,0.68667,0.61686,1.10628,0.01067,0.92609,0.8731,0.91543,0.79668,0.64006,0.56079,1.11664,0.01234,0.0076359,0.0025453,0.0076359,0.0025453,0.0076359,0.0025453,0.0076359,0.0025453
755,6886.48,0.68732,0.62223,1.10702,0.01024,0.92602,0.87308,0.91542,0.79677,0.6398,0.56083,1.11647,0.01234,0.0076062,0.0025354,0.0076062,0.0025354,0.0076062,0.0025354,0.0076062,0.0025354
756,6972.07,0.68124,0.61338,1.10201,0.01,0.9264,0.87283,0.91528,0.79693,0.63954,0.56041,1.11633,0.01236,0.0075765,0.0025255,0.0075765,0.0025255,0.0075765,0.0025255,0.0075765,0.0025255
757,7056.86,0.68772,0.62248,1.10967,0.01044,0.92612,0.87239,0.91521,0.79671,0.63963,0.56037,1.11619,0.01233,0.0075468,0.0025156,0.0075468,0.0025156,0.0075468,0.0025156,0.0075468,0.0025156
758,7145.01,0.6838,0.6171,1.10014,0.01066,0.92569,0.87335,0.91532,0.79688,0.63992,0.56085,1.11633,0.01232,0.0075171,0.0025057,0.0075171,0.0025057,0.0075171,0.0025057,0.0075171,0.0025057
759,7232.41,0.68653,0.6167,1.10766,0.01064,0.92685,0.87272,0.9152,0.79646,0.63969,0.56006,1.11613,0.01234,0.0074874,0.0024958,0.0074874,0.0024958,0.0074874,0.0024958,0.0074874,0.0024958
760,7317.91,0.67958,0.61201,1.10383,0.01032,0.92621,0.87308,0.91465,0.79692,0.63948,0.56043,1.11599,0.0123,0.0074577,0.0024859,0.0074577,0.0024859,0.0074577,0.0024859,0.0074577,0.0024859
761,7403.1,0.68087,0.61041,1.10345,0.01014,0.92609,0.87359,0.91483,0.79716,0.63856,0.55918,1.11526,0.01229,0.007428,0.002476,0.007428,0.002476,0.007428,0.002476,0.007428,0.002476
762,7489.97,0.68354,0.61515,1.10346,0.00989,0.92651,0.87298,0.9147,0.79661,0.63924,0.56019,1.11589,0.0123,0.0073983,0.0024661,0.0073983,0.0024661,0.0073983,0.0024661,0.0073983,0.0024661
763,7574.43,0.67877,0.60762,1.0984,0.00995,0.92571,0.87355,0.91472,0.79674,0.63936,0.56037,1.11591,0.01231,0.0073686,0.0024562,0.0073686,0.0024562,0.0073686,0.0024562,0.0073686,0.0024562
764,7656.63,0.68444,0.61,1.10293,0.01011,0.92439,0.87389,0.91475,0.79659,0.63898,0.55991,1.11557,0.01232,0.0073389,0.0024463,0.0073389,0.0024463,0.0073389,0.0024463,0.0073389,0.0024463
765,7741.48,0.67765,0.61244,1.09831,0.01051,0.92594,0.87431,0.91484,0.79671,0.63889,0.56004,1.1156,0.01232,0.0073092,0.0024364,0.0073092,0.0024364,0.0073092,0.0024364,0.0073092,0.0024364
766,7826.17,0.68363,0.60923,1.10111,0.01081,0.92479,0.87367,0.91472,0.79671,0.63935,0.56044,1.11585,0.01233,0.0072795,0.0024265,0.0072795,0.0024265,0.0072795,0.0024265,0.0072795,0.0024265
767,7914.25,0.67677,0.61059,1.10287,0.01021,0.92474,0.87312,0.91482,0.79673,0.6388,0.56004,1.11535,0.01231,0.0072498,0.0024166,0.0072498,0.0024166,0.0072498,0.0024166,0.0072498,0.0024166
768,7999.57,0.67579,0.60586,1.10447,0.01012,0.92703,0.87242,0.91484,0.7966,0.63881,0.55988,1.11541,0.01232,0.0072201,0.0024067,0.0072201,0.0024067,0.0072201,0.0024067,0.0072201,0.0024067
769,8085.24,0.68784,0.61681,1.10696,0.01038,0.92488,0.87407,0.91485,0.79676,0.63859,0.5597,1.11525,0.01231,0.0071904,0.0023968,0.0071904,0.0023968,0.0071904,0.0023968,0.0071904,0.0023968
770,8172.62,0.68093,0.60922,1.10366,0.01022,0.92436,0.87388,0.9148,0.7968,0.63848,0.55957,1.11512,0.01222,0.0071607,0.0023869,0.0071607,0.0023869,0.0071607,0.0023869,0.0071607,0.0023869
771,8259.56,0.67819,0.60751,1.10376,0.01023,0.9241,0.87388,0.91482,0.797,0.63836,0.55902,1.11494,0.01223,0.007131,0.002377,0.007131,0.002377,0.007131,0.002377,0.007131,0.002377
772,8343.37,0.67918,0.60847,1.09977,0.01035,0.92454,0.87297,0.91487,0.79662,0.63821,0.55892,1.11481,0.01224,0.0071013,0.0023671,0.0071013,0.0023671,0.0071013,0.0023671,0.0071013,0.0023671
773,8426.74,0.67745,0.60826,1.10063,0.00954,0.9243,0.87375,0.91414,0.79704,0.63828,0.55886,1.11484,0.01228,0.0070716,0.0023572,0.0070716,0.0023572,0.0070716,0.0023572,0.0070716,0.0023572
774,8510.8,0.67796,0.61203,1.10149,0.01008,0.92456,0.87377,0.91413,0.79689,0.63811,0.55892,1.11471,0.01223,0.0070419,0.0023473,0.0070419,0.0023473,0.0070419,0.0023473,0.0070419,0.0023473
775,8594.07,0.6862,0.62016,1.10233,0.01025,0.92489,0.8737,0.9141,0.79693,0.63808,0.55903,1.11479,0.01223,0.0070122,0.0023374,0.0070122,0.0023374,0.0070122,0.0023374,0.0070122,0.0023374
776,8678.19,0.67288,0.60679,1.10044,0.00998,0.92416,0.8737,0.91412,0.79705,0.63828,0.55917,1.11489,0.01224,0.0069825,0.0023275,0.0069825,0.0023275,0.0069825,0.0023275,0.0069825,0.0023275
777,8759.85,0.68135,0.61314,1.09961,0.01057,0.92417,0.87377,0.91418,0.79729,0.63775,0.55877,1.1145,0.01221,0.0069528,0.0023176,0.0069528,0.0023176,0.0069528,0.0023176,0.0069528,0.0023176
778,8844.55,0.67245,0.60909,1.09876,0.01045,0.92442,0.874,0.91407,0.79704,0.63824,0.55914,1.11476,0.01222,0.0069231,0.0023077,0.0069231,0.0023077,0.0069231,0.0023077,0.0069231,0.0023077
779,8927.38,0.67621,0.60994,1.09973,0.01022,0.9224,0.87484,0.91421,0.79729,0.63754,0.55854,1.11432,0.01221,0.0068934,0.0022978,0.0068934,0.0022978,0.0068934,0.0022978,0.0068934,0.0022978
780,9012.18,0.68462,0.61645,1.10642,0.01024,0.92544,0.87302,0.91418,0.79695,0.63752,0.55866,1.11427,0.01219,0.0068637,0.0022879,0.0068637,0.0022879,0.0068637,0.0022879,0.0068637,0.0022879
781,9096.2,0.67647,0.60918,1.09983,0.00992,0.92572,0.87288,0.91417,0.79737,0.6373,0.5585,1.11399,0.01221,0.006834,0.002278,0.006834,0.002278,0.006834,0.002278,0.006834,0.002278
782,9180.38,0.67413,0.60178,1.09715,0.01019,0.92283,0.87516,0.91409,0.79723,0.6377,0.55892,1.11426,0.0122,0.0068043,0.0022681,0.0068043,0.0022681,0.0068043,0.0022681,0.0068043,0.0022681
783,9266.73,0.67533,0.60136,1.09815,0.01017,0.9229,0.87454,0.91414,0.79702,0.63738,0.55879,1.11399,0.01219,0.0067746,0.0022582,0.0067746,0.0022582,0.0067746,0.0022582,0.0067746,0.0022582
784,9352.93,0.67616,0.60944,1.09992,0.01037,0.92475,0.87279,0.91412,0.79678,0.63739,0.55866,1.1141,0.01222,0.0067449,0.0022483,0.0067449,0.0022483,0.0067449,0.0022483,0.0067449,0.0022483
785,9438.95,0.67446,0.60831,1.09974,0.00974,0.9221,0.87365,0.91411,0.7965,0.63748,0.55869,1.11405,0.01222,0.0067152,0.0022384,0.0067152,0.0022384,0.0067152,0.0022384,0.0067152,0.0022384
786,9525.41,0.66406,0.59321,1.09538,0.0093,0.92198,0.8736,0.91404,0.79666,0.63748,0.55877,1.11378,0.0122,0.0066855,0.0022285,0.0066855,0.0022285,0.0066855,0.0022285,0.0066855,0.0022285
787,9611.6,0.67553,0.5972,1.09853,0.01032,0.92204,0.87345,0.91408,0.79729,0.63709,0.5585,1.11355,0.01221,0.0066558,0.0022186,0.0066558,0.0022186,0.0066558,0.0022186,0.0066558,0.0022186
788,9695.1,0.67144,0.59856,1.0977,0.01044,0.92212,0.8736,0.91415,0.79702,0.63676,0.55809,1.11333,0.01221,0.0066261,0.0022087,0.0066261,0.0022087,0.0066261,0.0022087,0.0066261,0.0022087
789,9781.47,0.66973,0.59916,1.09186,0.00951,0.9219,0.87352,0.91403,0.79721,0.63698,0.55857,1.11339,0.0122,0.0065964,0.0021988,0.0065964,0.0021988,0.0065964,0.0021988,0.0065964,0.0021988
790,9867.38,0.67417,0.60744,1.09798,0.00991,0.92214,0.87362,0.91407,0.79662,0.63654,0.55816,1.11308,0.01219,0.0065667,0.0021889,0.0065667,0.0021889,0.0065667,0.0021889,0.0065667,0.0021889
791,9951.67,0.67124,0.59168,1.09241,0.00965,0.92204,0.87391,0.91406,0.79725,0.63657,0.55813,1.11314,0.01221,0.006537,0.002179,0.006537,0.002179,0.006537,0.002179,0.006537,0.002179
792,10038.2,0.67293,0.60579,1.09995,0.01014,0.92237,0.8734,0.9141,0.79742,0.63635,0.55801,1.1129,0.0122,0.0065073,0.0021691,0.0065073,0.0021691,0.0065073,0.0021691,0.0065073,0.0021691
793,10125.2,0.66836,0.60391,1.09703,0.00997,0.92295,0.87315,0.91403,0.79669,0.63666,0.5585,1.11303,0.01222,0.0064776,0.0021592,0.0064776,0.0021592,0.0064776,0.0021592,0.0064776,0.0021592
794,10211,0.67284,0.59867,1.09225,0.00982,0.9221,0.87413,0.91408,0.79728,0.63643,0.55818,1.11299,0.01225,0.0064479,0.0021493,0.0064479,0.0021493,0.0064479,0.0021493,0.0064479,0.0021493
795,10296.9,0.66923,0.59603,1.09535,0.00968,0.92193,0.87353,0.91465,0.79717,0.63667,0.55834,1.113,0.01223,0.0064182,0.0021394,0.0064182,0.0021394,0.0064182,0.0021394,0.0064182,0.0021394
796,10382.9,0.67593,0.60549,1.0992,0.00977,0.92335,0.87274,0.91469,0.79698,0.6359,0.55776,1.11243,0.01222,0.0063885,0.0021295,0.0063885,0.0021295,0.0063885,0.0021295,0.0063885,0.0021295
797,10467.1,0.66759,0.59774,1.09294,0.01054,0.9227,0.87297,0.91459,0.79737,0.63631,0.55858,1.11271,0.01224,0.0063588,0.0021196,0.0063588,0.0021196,0.0063588,0.0021196,0.0063588,0.0021196
798,10553.7,0.65897,0.5936,1.08906,0.01002,0.92218,0.87328,0.91404,0.79761,0.6352,0.55744,1.11196,0.01224,0.0063291,0.0021097,0.0063291,0.0021097,0.0063291,0.0021097,0.0063291,0.0021097
799,10641,0.67014,0.59843,1.09073,0.01014,0.92342,0.87264,0.91399,0.79691,0.63567,0.55789,1.11225,0.01232,0.0062994,0.0020998,0.0062994,0.0020998,0.0062994,0.0020998,0.0062994,0.0020998
800,10726.4,0.66646,0.59317,1.09312,0.00967,0.92313,0.87281,0.91408,0.7976,0.63467,0.5571,1.11138,0.0123,0.0062697,0.0020899,0.0062697,0.0020899,0.0062697,0.0020899,0.0062697,0.0020899
801,10812.5,0.67505,0.60959,1.09698,0.01015,0.92322,0.87245,0.91389,0.7974,0.63575,0.55802,1.11221,0.01229,0.00624,0.00208,0.00624,0.00208,0.00624,0.00208,0.00624,0.00208
802,10898,0.67601,0.60671,1.09587,0.00958,0.92366,0.87278,0.91398,0.79772,0.63525,0.55768,1.11186,0.01232,0.0062103,0.0020701,0.0062103,0.0020701,0.0062103,0.0020701,0.0062103,0.0020701
803,10985,0.66457,0.59515,1.08938,0.01002,0.92409,0.87315,0.91396,0.79787,0.63532,0.55738,1.11178,0.0123,0.0061806,0.0020602,0.0061806,0.0020602,0.0061806,0.0020602,0.0061806,0.0020602
804,11070.5,0.66976,0.60289,1.09643,0.01003,0.92275,0.87375,0.91397,0.79777,0.63526,0.5574,1.11171,0.0123,0.0061509,0.0020503,0.0061509,0.0020503,0.0061509,0.0020503,0.0061509,0.0020503
805,11157.2,0.66208,0.5954,1.08921,0.01008,0.92352,0.87267,0.91402,0.79814,0.63468,0.55672,1.11122,0.01232,0.0061212,0.0020404,0.0061212,0.0020404,0.0061212,0.0020404,0.0061212,0.0020404
806,11243.3,0.66631,0.59859,1.09078,0.00985,0.92305,0.87266,0.91401,0.79788,0.63459,0.55694,1.11115,0.01229,0.0060915,0.0020305,0.0060915,0.0020305,0.0060915,0.0020305,0.0060915,0.0020305
807,11328.1,0.66179,0.59543,1.08668,0.00966,0.92413,0.87255,0.91409,0.79862,0.63354,0.55599,1.11049,0.01227,0.0060618,0.0020206,0.0060618,0.0020206,0.0060618,0.0020206,0.0060618,0.0020206
808,11414.6,0.66416,0.59865,1.09043,0.00979,0.92384,0.87362,0.91319,0.79798,0.63494,0.55715,1.11139,0.01233,0.0060321,0.0020107,0.0060321,0.0020107,0.0060321,0.0020107,0.0060321,0.0020107
809,11500.2,0.66912,0.60223,1.09657,0.01011,0.92412,0.8736,0.91323,0.7979,0.63447,0.55683,1.11123,0.01231,0.0060024,0.0020008,0.0060024,0.0020008,0.0060024,0.0020008,0.0060024,0.0020008
810,11584.7,0.66361,0.59554,1.09063,0.00987,0.92442,0.87359,0.91405,0.79827,0.63424,0.5566,1.11078,0.01233,0.0059727,0.0019909,0.0059727,0.0019909,0.0059727,0.0019909,0.0059727,0.0019909
811,11670.3,0.66027,0.58732,1.09015,0.00992,0.92466,0.87368,0.91434,0.79831,0.63415,0.55654,1.11087,0.01232,0.005943,0.001981,0.005943,0.001981,0.005943,0.001981,0.005943,0.001981
812,11755.7,0.66509,0.60126,1.0935,0.00965,0.92633,0.87239,0.91353,0.79819,0.63436,0.55688,1.11087,0.01233,0.0059133,0.0019711,0.0059133,0.0019711,0.0059133,0.0019711,0.0059133,0.0019711
813,11840.9,0.65866,0.58928,1.08465,0.01031,0.93015,0.86905,0.91409,0.7985,0.63403,0.55693,1.11062,0.01233,0.0058836,0.0019612,0.0058836,0.0019612,0.0058836,0.0019612,0.0058836,0.0019612
814,11927.4,0.65719,0.5836,1.08586,0.00931,0.92625,0.87142,0.91421,0.79859,0.63307,0.55588,1.11004,0.01231,0.0058539,0.0019513,0.0058539,0.0019513,0.0058539,0.0019513,0.0058539,0.0019513
815,12013,0.66731,0.59522,1.09213,0.00969,0.9299,0.8693,0.91332,0.7983,0.63383,0.55661,1.11051,0.01238,0.0058242,0.0019414,0.0058242,0.0019414,0.0058242,0.0019414,0.0058242,0.0019414
816,12098,0.66256,0.58791,1.08753,0.00963,0.9303,0.87007,0.91363,0.79823,0.63371,0.55637,1.11036,0.01233,0.0057945,0.0019315,0.0057945,0.0019315,0.0057945,0.0019315,0.0057945,0.0019315
817,12183.8,0.65796,0.58897,1.08823,0.00982,0.93052,0.86916,0.91425,0.79866,0.63301,0.55595,1.10995,0.01236,0.0057648,0.0019216,0.0057648,0.0019216,0.0057648,0.0019216,0.0057648,0.0019216
818,12271.6,0.66188,0.59147,1.08673,0.00985,0.93049,0.86954,0.91412,0.79858,0.63342,0.55596,1.11016,0.01237,0.0057351,0.0019117,0.0057351,0.0019117,0.0057351,0.0019117,0.0057351,0.0019117
819,12358.1,0.65794,0.58838,1.08488,0.01,0.92964,0.86923,0.91417,0.79862,0.63314,0.55568,1.10981,0.01238,0.0057054,0.0019018,0.0057054,0.0019018,0.0057054,0.0019018,0.0057054,0.0019018
820,12444,0.66151,0.59172,1.08671,0.00963,0.92746,0.87154,0.91489,0.79885,0.6328,0.55534,1.10957,0.01236,0.0056757,0.0018919,0.0056757,0.0018919,0.0056757,0.0018919,0.0056757,0.0018919
821,12531.2,0.65532,0.5954,1.08717,0.00974,0.92998,0.86948,0.91447,0.79884,0.6328,0.5555,1.1095,0.01234,0.005646,0.001882,0.005646,0.001882,0.005646,0.001882,0.005646,0.001882
822,12615,0.66076,0.5901,1.08793,0.0104,0.92943,0.86944,0.91362,0.79831,0.63368,0.55607,1.11013,0.01235,0.0056163,0.0018721,0.0056163,0.0018721,0.0056163,0.0018721,0.0056163,0.0018721
823,12698,0.66779,0.59638,1.09266,0.00976,0.92765,0.87086,0.91457,0.79899,0.63232,0.55461,1.10921,0.01234,0.0055866,0.0018622,0.0055866,0.0018622,0.0055866,0.0018622,0.0055866,0.0018622
824,12784.6,0.65952,0.59556,1.08792,0.00926,0.92624,0.87076,0.91511,0.79932,0.63279,0.55491,1.10951,0.01234,0.0055569,0.0018523,0.0055569,0.0018523,0.0055569,0.0018523,0.0055569,0.0018523
825,12871.2,0.65734,0.59071,1.08601,0.00954,0.92818,0.87043,0.91453,0.79864,0.63277,0.55472,1.10938,0.01235,0.0055272,0.0018424,0.0055272,0.0018424,0.0055272,0.0018424,0.0055272,0.0018424
826,12957,0.66194,0.58322,1.08479,0.00996,0.9283,0.86958,0.91449,0.79924,0.63216,0.55449,1.10906,0.0123,0.0054975,0.0018325,0.0054975,0.0018325,0.0054975,0.0018325,0.0054975,0.0018325
827,13043.3,0.66505,0.59476,1.09028,0.00982,0.92933,0.86974,0.91447,0.79946,0.63233,0.55463,1.10906,0.01227,0.0054678,0.0018226,0.0054678,0.0018226,0.0054678,0.0018226,0.0054678,0.0018226
828,13130.7,0.65728,0.59168,1.08789,0.00992,0.92895,0.87027,0.91455,0.79909,0.63283,0.55492,1.10933,0.01229,0.0054381,0.0018127,0.0054381,0.0018127,0.0054381,0.0018127,0.0054381,0.0018127
829,13214.1,0.64768,0.57671,1.0789,0.00938,0.92789,0.8702,0.91452,0.79873,0.63215,0.55441,1.10884,0.01225,0.0054084,0.0018028,0.0054084,0.0018028,0.0054084,0.0018028,0.0054084,0.0018028
830,13300.8,0.65417,0.58963,1.0855,0.00998,0.92849,0.87039,0.91385,0.79835,0.63192,0.5542,1.10868,0.01225,0.0053787,0.0017929,0.0053787,0.0017929,0.0053787,0.0017929,0.0053787,0.0017929
831,13388.3,0.6558,0.58959,1.08562,0.00949,0.92937,0.86981,0.91396,0.79905,0.63162,0.55411,1.10841,0.01224,0.005349,0.001783,0.005349,0.001783,0.005349,0.001783,0.005349,0.001783
832,13473.8,0.65954,0.59313,1.08844,0.00981,0.92778,0.86998,0.91378,0.79877,0.63224,0.55449,1.10887,0.01225,0.0053193,0.0017731,0.0053193,0.0017731,0.0053193,0.0017731,0.0053193,0.0017731
833,13559.4,0.65391,0.5833,1.08288,0.00988,0.9287,0.86989,0.91393,0.79891,0.63178,0.55413,1.1087,0.0122,0.0052896,0.0017632,0.0052896,0.0017632,0.0052896,0.0017632,0.0052896,0.0017632
834,13643.3,0.6561,0.57704,1.08099,0.00941,0.9286,0.87003,0.91398,0.79889,0.63119,0.55402,1.10809,0.0122,0.0052599,0.0017533,0.0052599,0.0017533,0.0052599,0.0017533,0.0052599,0.0017533
835,13727.7,0.65141,0.58445,1.08004,0.00901,0.92804,0.87029,0.91397,0.79901,0.63079,0.55349,1.10785,0.01223,0.0052302,0.0017434,0.0052302,0.0017434,0.0052302,0.0017434,0.0052302,0.0017434
836,13814.2,0.65456,0.58243,1.08239,0.00994,0.92937,0.86945,0.91394,0.79884,0.63143,0.55396,1.1082,0.01225,0.0052005,0.0017335,0.0052005,0.0017335,0.0052005,0.0017335,0.0052005,0.0017335
837,13899.1,0.66019,0.58439,1.08494,0.00953,0.92891,0.87024,0.91465,0.79967,0.63108,0.55375,1.10801,0.01223,0.0051708,0.0017236,0.0051708,0.0017236,0.0051708,0.0017236,0.0051708,0.0017236
838,13986.8,0.65888,0.58628,1.08497,0.01002,0.92802,0.87001,0.91398,0.79892,0.63081,0.55383,1.10783,0.01224,0.0051411,0.0017137,0.0051411,0.0017137,0.0051411,0.0017137,0.0051411,0.0017137
839,14074.6,0.6592,0.59212,1.09193,0.00988,0.92847,0.86942,0.91458,0.79871,0.63096,0.55416,1.10783,0.01222,0.0051114,0.0017038,0.0051114,0.0017038,0.0051114,0.0017038,0.0051114,0.0017038
840,14161.5,0.64867,0.58063,1.08266,0.00921,0.92866,0.8697,0.91457,0.79879,0.63113,0.55399,1.10806,0.01224,0.0050817,0.0016939,0.0050817,0.0016939,0.0050817,0.0016939,0.0050817,0.0016939
841,14247.6,0.65785,0.59002,1.08354,0.00957,0.92883,0.86996,0.91475,0.79991,0.6299,0.5531,1.10724,0.01223,0.005052,0.001684,0.005052,0.001684,0.005052,0.001684,0.005052,0.001684
842,14335.1,0.65004,0.5772,1.08251,0.00989,0.9284,0.86994,0.91468,0.79942,0.63061,0.55372,1.10762,0.01222,0.0050223,0.0016741,0.0050223,0.0016741,0.0050223,0.0016741,0.0050223,0.0016741
843,14422.3,0.64842,0.57844,1.08421,0.00936,0.91436,0.88339,0.91401,0.79892,0.63001,0.55318,1.10713,0.01218,0.0049926,0.0016642,0.0049926,0.0016642,0.0049926,0.0016642,0.0049926,0.0016642
844,14507.7,0.65198,0.58213,1.08157,0.00991,0.91318,0.88396,0.91403,0.79935,0.62983,0.55323,1.10709,0.01221,0.0049629,0.0016543,0.0049629,0.0016543,0.0049629,0.0016543,0.0049629,0.0016543
845,14594.3,0.65728,0.58943,1.08492,0.00961,0.91376,0.88303,0.91401,0.79945,0.62985,0.5533,1.10712,0.01218,0.0049332,0.0016444,0.0049332,0.0016444,0.0049332,0.0016444,0.0049332,0.0016444
846,14680.2,0.64483,0.58068,1.0763,0.0094,0.91438,0.8833,0.91405,0.79912,0.62977,0.55318,1.10694,0.01216,0.0049035,0.0016345,0.0049035,0.0016345,0.0049035,0.0016345,0.0049035,0.0016345
847,14765.9,0.65549,0.58651,1.0844,0.00976,0.9098,0.88674,0.91402,0.79863,0.6298,0.55317,1.10692,0.01218,0.0048738,0.0016246,0.0048738,0.0016246,0.0048738,0.0016246,0.0048738,0.0016246
848,14852.3,0.64421,0.57411,1.07537,0.0097,0.9084,0.88686,0.91404,0.79963,0.62967,0.55332,1.10691,0.01216,0.0048441,0.0016147,0.0048441,0.0016147,0.0048441,0.0016147,0.0048441,0.0016147
849,14937.8,0.64774,0.58294,1.08217,0.00968,0.90905,0.88716,0.9141,0.7992,0.62908,0.55273,1.10634,0.01215,0.0048144,0.0016048,0.0048144,0.0016048,0.0048144,0.0016048,0.0048144,0.0016048
850,15024,0.64878,0.57392,1.07779,0.00959,0.90855,0.88686,0.91407,0.79964,0.62941,0.55284,1.10675,0.01217,0.0047847,0.0015949,0.0047847,0.0015949,0.0047847,0.0015949,0.0047847,0.0015949
851,15111.1,0.6579,0.58698,1.08298,0.0097,0.90901,0.88703,0.91408,0.79867,0.62922,0.55271,1.10659,0.01213,0.004755,0.001585,0.004755,0.001585,0.004755,0.001585,0.004755,0.001585
852,15199.4,0.64965,0.58057,1.07996,0.00963,0.90994,0.88737,0.91412,0.79931,0.62856,0.55217,1.10601,0.01214,0.0047253,0.0015751,0.0047253,0.0015751,0.0047253,0.0015751,0.0047253,0.0015751
853,15287.3,0.64566,0.57354,1.07418,0.00906,0.90938,0.88728,0.91411,0.79939,0.62881,0.55245,1.10619,0.01215,0.0046956,0.0015652,0.0046956,0.0015652,0.0046956,0.0015652,0.0046956,0.0015652
854,15376.5,0.65651,0.5895,1.0867,0.00967,0.91056,0.88732,0.91413,0.79963,0.62845,0.55183,1.10585,0.01216,0.0046659,0.0015553,0.0046659,0.0015553,0.0046659,0.0015553,0.0046659,0.0015553
855,15464.2,0.64432,0.57998,1.07748,0.00897,0.90925,0.88754,0.91406,0.79912,0.6285,0.55232,1.10598,0.01216,0.0046362,0.0015454,0.0046362,0.0015454,0.0046362,0.0015454,0.0046362,0.0015454
856,15552,0.65088,0.57675,1.07923,0.00976,0.91007,0.88672,0.91407,0.79933,0.62851,0.55226,1.106,0.0122,0.0046065,0.0015355,0.0046065,0.0015355,0.0046065,0.0015355,0.0046065,0.0015355
857,15637.5,0.64557,0.57824,1.08081,0.00939,0.9089,0.88784,0.91411,0.79957,0.62852,0.55208,1.10605,0.0122,0.0045768,0.0015256,0.0045768,0.0015256,0.0045768,0.0015256,0.0045768,0.0015256
858,15724.1,0.64107,0.56725,1.07221,0.00948,0.90798,0.88819,0.91414,0.79991,0.6281,0.55177,1.10588,0.01222,0.0045471,0.0015157,0.0045471,0.0015157,0.0045471,0.0015157,0.0045471,0.0015157
859,15810.6,0.64304,0.57293,1.07444,0.00967,0.90905,0.88786,0.91412,0.79908,0.62846,0.55211,1.10596,0.01221,0.0045174,0.0015058,0.0045174,0.0015058,0.0045174,0.0015058,0.0045174,0.0015058
860,15895.8,0.64056,0.57312,1.07345,0.00915,0.90937,0.88798,0.91421,0.79965,0.62724,0.55084,1.10507,0.01217,0.0044877,0.0014959,0.0044877,0.0014959,0.0044877,0.0014959,0.0044877,0.0014959
861,15981.7,0.64272,0.57571,1.07669,0.00966,0.90915,0.88798,0.91415,0.79923,0.62859,0.55225,1.10604,0.01219,0.004458,0.001486,0.004458,0.001486,0.004458,0.001486,0.004458,0.001486
862,16067.9,0.65143,0.58127,1.08456,0.00956,0.90924,0.88792,0.91491,0.79949,0.6276,0.55136,1.10526,0.01216,0.0044283,0.0014761,0.0044283,0.0014761,0.0044283,0.0014761,0.0044283,0.0014761
863,16153.1,0.64686,0.57645,1.07743,0.00935,0.9088,0.8877,0.9149,0.79953,0.62758,0.5514,1.10542,0.01219,0.0043986,0.0014662,0.0043986,0.0014662,0.0043986,0.0014662,0.0043986,0.0014662
864,16239.9,0.64417,0.57653,1.07413,0.0093,0.90903,0.88771,0.91493,0.80017,0.62759,0.5515,1.10543,0.01219,0.0043689,0.0014563,0.0043689,0.0014563,0.0043689,0.0014563,0.0043689,0.0014563
865,16326.6,0.63699,0.56745,1.07187,0.00956,0.90877,0.88806,0.91416,0.7999,0.62755,0.55156,1.10545,0.01218,0.0043392,0.0014464,0.0043392,0.0014464,0.0043392,0.0014464,0.0043392,0.0014464
866,16413.3,0.6369,0.56766,1.07416,0.00926,0.90851,0.88785,0.91491,0.80019,0.62712,0.55123,1.1052,0.01217,0.0043095,0.0014365,0.0043095,0.0014365,0.0043095,0.0014365,0.0043095,0.0014365
867,16499.8,0.64229,0.56755,1.07583,0.00977,0.90847,0.88808,0.91497,0.80019,0.62703,0.55118,1.10496,0.01215,0.0042798,0.0014266,0.0042798,0.0014266,0.0042798,0.0014266,0.0042798,0.0014266
868,16588.1,0.64608,0.5744,1.07595,0.00951,0.90842,0.88811,0.91493,0.80035,0.62739,0.55162,1.1051,0.01216,0.0042501,0.0014167,0.0042501,0.0014167,0.0042501,0.0014167,0.0042501,0.0014167
869,16676.6,0.64633,0.57358,1.07653,0.00929,0.90852,0.88815,0.91497,0.80035,0.62685,0.55112,1.10487,0.01214,0.0042204,0.0014068,0.0042204,0.0014068,0.0042204,0.0014068,0.0042204,0.0014068
870,16763.4,0.6422,0.57163,1.07179,0.00976,0.90732,0.88915,0.91489,0.80054,0.62708,0.55116,1.10483,0.01214,0.0041907,0.0013969,0.0041907,0.0013969,0.0041907,0.0013969,0.0041907,0.0013969
871,16851.4,0.64112,0.57076,1.07359,0.00916,0.90827,0.88878,0.91499,0.8006,0.62641,0.55058,1.10438,0.01212,0.004161,0.001387,0.004161,0.001387,0.004161,0.001387,0.004161,0.001387
872,16939.2,0.64402,0.58126,1.07537,0.00942,0.90685,0.89074,0.91487,0.80043,0.62769,0.55184,1.10527,0.01214,0.0041313,0.0013771,0.0041313,0.0013771,0.0041313,0.0013771,0.0041313,0.0013771
873,17026.3,0.6494,0.57825,1.08255,0.00939,0.90752,0.88929,0.9151,0.80053,0.62647,0.55072,1.10433,0.01208,0.0041016,0.0013672,0.0041016,0.0013672,0.0041016,0.0013672,0.0041016,0.0013672
874,17111.4,0.64453,0.56733,1.0786,0.00974,0.90747,0.88965,0.91502,0.80069,0.62666,0.55135,1.10452,0.01209,0.0040719,0.0013573,0.0040719,0.0013573,0.0040719,0.0013573,0.0040719,0.0013573
875,17199.6,0.64187,0.56806,1.0733,0.00978,0.90761,0.88908,0.91503,0.80111,0.62646,0.55087,1.10429,0.01206,0.0040422,0.0013474,0.0040422,0.0013474,0.0040422,0.0013474,0.0040422,0.0013474
876,17287.6,0.63498,0.5622,1.06904,0.00974,0.9077,0.88938,0.915,0.80082,0.62608,0.55066,1.1041,0.01206,0.0040125,0.0013375,0.0040125,0.0013375,0.0040125,0.0013375,0.0040125,0.0013375
877,17374.6,0.63545,0.56854,1.07276,0.00929,0.90678,0.89119,0.91505,0.80096,0.62601,0.55099,1.10419,0.0121,0.0039828,0.0013276,0.0039828,0.0013276,0.0039828,0.0013276,0.0039828,0.0013276
878,17462,0.63226,0.56041,1.06736,0.00925,0.90662,0.89085,0.91499,0.80076,0.6263,0.55128,1.10431,0.0121,0.0039531,0.0013177,0.0039531,0.0013177,0.0039531,0.0013177,0.0039531,0.0013177
879,17550,0.64472,0.56921,1.07247,0.00967,0.90684,0.89107,0.91508,0.80074,0.62523,0.55039,1.10357,0.01207,0.0039234,0.0013078,0.0039234,0.0013078,0.0039234,0.0013078,0.0039234,0.0013078
880,17637.8,0.63174,0.56973,1.06678,0.00851,0.90771,0.88984,0.91505,0.80032,0.62557,0.55055,1.10372,0.01209,0.0038937,0.0012979,0.0038937,0.0012979,0.0038937,0.0012979,0.0038937,0.0012979
881,17724.2,0.64233,0.57267,1.07199,0.00905,0.90648,0.89059,0.91502,0.80037,0.62567,0.55093,1.10387,0.01209,0.003864,0.001288,0.003864,0.001288,0.003864,0.001288,0.003864,0.001288
882,17811.3,0.63372,0.56271,1.06964,0.00906,0.90638,0.89079,0.91499,0.80082,0.62528,0.55036,1.10356,0.01207,0.0038343,0.0012781,0.0038343,0.0012781,0.0038343,0.0012781,0.0038343,0.0012781
883,17899.2,0.63352,0.56193,1.06851,0.00888,0.90659,0.89077,0.91514,0.80108,0.62473,0.5502,1.10328,0.01204,0.0038046,0.0012682,0.0038046,0.0012682,0.0038046,0.0012682,0.0038046,0.0012682
884,17986.4,0.6364,0.56245,1.06809,0.00947,0.90649,0.89112,0.91507,0.80035,0.62514,0.5503,1.10345,0.01207,0.0037749,0.0012583,0.0037749,0.0012583,0.0037749,0.0012583,0.0037749,0.0012583
885,18072.4,0.6354,0.5654,1.06562,0.00895,0.90611,0.89159,0.9151,0.80092,0.62489,0.55011,1.10323,0.01203,0.0037452,0.0012484,0.0037452,0.0012484,0.0037452,0.0012484,0.0037452,0.0012484
886,18160.4,0.63462,0.56969,1.07121,0.0092,0.90608,0.89085,0.91501,0.8007,0.62502,0.5503,1.10328,0.01203,0.0037155,0.0012385,0.0037155,0.0012385,0.0037155,0.0012385,0.0037155,0.0012385
887,18247.1,0.64042,0.56902,1.07471,0.00912,0.90646,0.8914,0.91521,0.80083,0.62441,0.54932,1.10278,0.012,0.0036858,0.0012286,0.0036858,0.0012286,0.0036858,0.0012286,0.0036858,0.0012286
888,18332,0.62943,0.56043,1.06668,0.00902,0.90681,0.89093,0.9151,0.80043,0.62492,0.54987,1.10307,0.01201,0.0036561,0.0012187,0.0036561,0.0012187,0.0036561,0.0012187,0.0036561,0.0012187
889,18419.1,0.62771,0.55964,1.06772,0.00901,0.90677,0.89084,0.91514,0.80093,0.62462,0.54976,1.10293,0.012,0.0036264,0.0012088,0.0036264,0.0012088,0.0036264,0.0012088,0.0036264,0.0012088
890,18505.9,0.62977,0.5607,1.06621,0.00907,0.90598,0.89136,0.91512,0.80119,0.62402,0.54942,1.10268,0.012,0.0035967,0.0011989,0.0035967,0.0011989,0.0035967,0.0011989,0.0035967,0.0011989
891,18592.6,0.63731,0.56906,1.07279,0.00907,0.90614,0.89103,0.91504,0.80087,0.62493,0.54998,1.10318,0.01198,0.003567,0.001189,0.003567,0.001189,0.003567,0.001189,0.003567,0.001189
892,18680.1,0.63358,0.56106,1.06845,0.00924,0.90604,0.89129,0.91512,0.80121,0.62426,0.54957,1.10272,0.01199,0.0035373,0.0011791,0.0035373,0.0011791,0.0035373,0.0011791,0.0035373,0.0011791
893,18769.5,0.62668,0.56004,1.06339,0.00887,0.90634,0.89091,0.91511,0.80042,0.62411,0.54939,1.10259,0.012,0.0035076,0.0011692,0.0035076,0.0011692,0.0035076,0.0011692,0.0035076,0.0011692
894,18856.5,0.6271,0.55722,1.06371,0.009,0.90637,0.89092,0.91511,0.80037,0.62385,0.54921,1.10233,0.01195,0.0034779,0.0011593,0.0034779,0.0011593,0.0034779,0.0011593,0.0034779,0.0011593
895,18943.1,0.64014,0.56649,1.07281,0.00914,0.90634,0.891,0.91513,0.79986,0.6238,0.54904,1.10237,0.01198,0.0034482,0.0011494,0.0034482,0.0011494,0.0034482,0.0011494,0.0034482,0.0011494
896,19030.8,0.63258,0.56481,1.06783,0.00913,0.90583,0.89102,0.91512,0.80032,0.62362,0.54922,1.10224,0.01194,0.0034185,0.0011395,0.0034185,0.0011395,0.0034185,0.0011395,0.0034185,0.0011395
897,19121.2,0.62814,0.5587,1.07024,0.009,0.90565,0.89121,0.9151,0.7999,0.62336,0.54925,1.10207,0.01201,0.0033888,0.0011296,0.0033888,0.0011296,0.0033888,0.0011296,0.0033888,0.0011296
898,19207.6,0.63154,0.55879,1.06459,0.00935,0.90639,0.89073,0.91512,0.79992,0.62377,0.5498,1.10212,0.01197,0.0033591,0.0011197,0.0033591,0.0011197,0.0033591,0.0011197,0.0033591,0.0011197
899,19295.4,0.64042,0.57082,1.07688,0.00953,0.90554,0.89095,0.91514,0.80003,0.62276,0.54862,1.10153,0.01196,0.0033294,0.0011098,0.0033294,0.0011098,0.0033294,0.0011098,0.0033294,0.0011098
900,19385.1,0.63497,0.56402,1.0703,0.00916,0.90601,0.89069,0.91514,0.79959,0.62362,0.54951,1.10206,0.01199,0.0032997,0.0010999,0.0032997,0.0010999,0.0032997,0.0010999,0.0032997,0.0010999
901,19474.9,0.63238,0.55783,1.06775,0.00937,0.90615,0.89073,0.91523,0.80053,0.62241,0.54858,1.10143,0.01193,0.00327,0.00109,0.00327,0.00109,0.00327,0.00109,0.00327,0.00109
902,19563.7,0.62401,0.55504,1.06374,0.00891,0.92859,0.87142,0.91504,0.80054,0.62377,0.54969,1.1022,0.01202,0.0032403,0.0010801,0.0032403,0.0010801,0.0032403,0.0010801,0.0032403,0.0010801
903,19650.4,0.62815,0.5606,1.0666,0.00914,0.90659,0.89058,0.91519,0.80068,0.62215,0.54879,1.10111,0.01194,0.0032106,0.0010702,0.0032106,0.0010702,0.0032106,0.0010702,0.0032106,0.0010702
904,19739.2,0.63467,0.56277,1.06647,0.00904,0.92699,0.87243,0.91507,0.8005,0.62319,0.54949,1.10172,0.01204,0.0031809,0.0010603,0.0031809,0.0010603,0.0031809,0.0010603,0.0031809,0.0010603
905,19827.6,0.63427,0.55774,1.06905,0.0091,0.92681,0.8722,0.9143,0.80084,0.62259,0.54918,1.10143,0.012,0.0031512,0.0010504,0.0031512,0.0010504,0.0031512,0.0010504,0.0031512,0.0010504
906,19916.8,0.62982,0.56331,1.06811,0.00888,0.92643,0.87251,0.91512,0.80101,0.6226,0.54892,1.10131,0.01203,0.0031215,0.0010405,0.0031215,0.0010405,0.0031215,0.0010405,0.0031215,0.0010405
907,20003,0.62448,0.54999,1.06179,0.00926,0.92648,0.87194,0.9151,0.80023,0.62272,0.54929,1.1014,0.01201,0.0030918,0.0010306,0.0030918,0.0010306,0.0030918,0.0010306,0.0030918,0.0010306
908,20091.8,0.63382,0.56625,1.06867,0.00921,0.92643,0.87221,0.91434,0.80029,0.62226,0.54914,1.10109,0.01201,0.0030621,0.0010207,0.0030621,0.0010207,0.0030621,0.0010207,0.0030621,0.0010207
909,20179.4,0.61746,0.5491,1.06161,0.00919,0.92709,0.8721,0.91432,0.79991,0.62256,0.54943,1.10127,0.01198,0.0030324,0.0010108,0.0030324,0.0010108,0.0030324,0.0010108,0.0030324,0.0010108
910,20267.9,0.62738,0.55689,1.06311,0.00884,0.92586,0.87225,0.91511,0.80049,0.62215,0.54927,1.10092,0.01201,0.0030027,0.0010009,0.0030027,0.0010009,0.0030027,0.0010009,0.0030027,0.0010009
911,20354.5,0.62375,0.55296,1.06104,0.00908,0.92604,0.87206,0.9143,0.80032,0.6226,0.54938,1.10109,0.01201,0.002973,0.000991,0.002973,0.000991,0.002973,0.000991,0.002973,0.000991
912,20442,0.62797,0.55519,1.06605,0.00909,0.92551,0.87251,0.91512,0.80079,0.62204,0.54882,1.10072,0.01199,0.0029433,0.0009811,0.0029433,0.0009811,0.0029433,0.0009811,0.0029433,0.0009811
913,20529,0.62416,0.55084,1.06697,0.00928,0.92583,0.8724,0.91432,0.80004,0.62198,0.54901,1.10078,0.01199,0.0029136,0.0009712,0.0029136,0.0009712,0.0029136,0.0009712,0.0029136,0.0009712
914,20615.1,0.62439,0.55196,1.0611,0.00921,0.92621,0.87195,0.91432,0.80002,0.62204,0.54912,1.10084,0.012,0.0028839,0.0009613,0.0028839,0.0009613,0.0028839,0.0009613,0.0028839,0.0009613
915,20703.2,0.62398,0.5547,1.06026,0.00942,0.92591,0.87182,0.91429,0.79938,0.62208,0.5491,1.10091,0.01197,0.0028542,0.0009514,0.0028542,0.0009514,0.0028542,0.0009514,0.0028542,0.0009514
916,20790.8,0.62576,0.55461,1.06268,0.00907,0.92499,0.87255,0.91434,0.80006,0.62134,0.54835,1.10021,0.01198,0.0028245,0.0009415,0.0028245,0.0009415,0.0028245,0.0009415,0.0028245,0.0009415
917,20879,0.62519,0.56255,1.06792,0.00928,0.92492,0.87252,0.9143,0.79958,0.62152,0.5489,1.10034,0.01198,0.0027948,0.0009316,0.0027948,0.0009316,0.0027948,0.0009316,0.0027948,0.0009316
918,20966.6,0.62334,0.55242,1.06186,0.00871,0.92572,0.87184,0.91436,0.79951,0.6214,0.54883,1.10035,0.01197,0.0027651,0.0009217,0.0027651,0.0009217,0.0027651,0.0009217,0.0027651,0.0009217
919,21054,0.62506,0.55157,1.06379,0.00925,0.92604,0.87134,0.91429,0.79989,0.62173,0.54894,1.10055,0.01197,0.0027354,0.0009118,0.0027354,0.0009118,0.0027354,0.0009118,0.0027354,0.0009118
920,21142.5,0.61995,0.54806,1.0584,0.00865,0.92511,0.8723,0.91503,0.79977,0.6214,0.54877,1.10025,0.01198,0.0027057,0.0009019,0.0027057,0.0009019,0.0027057,0.0009019,0.0027057,0.0009019
921,21230.4,0.61797,0.54097,1.05855,0.00855,0.92527,0.87231,0.91503,0.79992,0.62122,0.54864,1.10016,0.01196,0.002676,0.000892,0.002676,0.000892,0.002676,0.000892,0.002676,0.000892
922,21316.2,0.62072,0.54806,1.05733,0.00859,0.92539,0.87224,0.91513,0.80011,0.62058,0.5483,1.09974,0.01196,0.0026463,0.0008821,0.0026463,0.0008821,0.0026463,0.0008821,0.0026463,0.0008821
923,21404.2,0.62641,0.55573,1.06506,0.0093,0.92594,0.87147,0.91509,0.79967,0.62082,0.54864,1.09991,0.01197,0.0026166,0.0008722,0.0026166,0.0008722,0.0026166,0.0008722,0.0026166,0.0008722
924,21492.9,0.6186,0.55124,1.06131,0.00856,0.92485,0.87194,0.91499,0.79979,0.62126,0.54916,1.10009,0.01198,0.0025869,0.0008623,0.0025869,0.0008623,0.0025869,0.0008623,0.0025869,0.0008623
925,21580.7,0.62186,0.55038,1.06166,0.00901,0.92344,0.87482,0.91515,0.80002,0.62048,0.54834,1.09956,0.01199,0.0025572,0.0008524,0.0025572,0.0008524,0.0025572,0.0008524,0.0025572,0.0008524
926,21667.6,0.61387,0.54124,1.05462,0.00863,0.92329,0.87446,0.91505,0.79959,0.62076,0.54868,1.09978,0.01198,0.0025275,0.0008425,0.0025275,0.0008425,0.0025275,0.0008425,0.0025275,0.0008425
927,21755.3,0.61753,0.54904,1.06044,0.00875,0.92293,0.87435,0.9151,0.79968,0.62054,0.54838,1.09966,0.012,0.0024978,0.0008326,0.0024978,0.0008326,0.0024978,0.0008326,0.0024978,0.0008326
928,21843.7,0.62295,0.54887,1.06042,0.00919,0.9234,0.87339,0.91511,0.79971,0.62057,0.5485,1.09964,0.012,0.0024681,0.0008227,0.0024681,0.0008227,0.0024681,0.0008227,0.0024681,0.0008227
929,21930.6,0.62217,0.54851,1.06074,0.0088,0.92384,0.8744,0.91518,0.80067,0.61971,0.54741,1.09892,0.01197,0.0024384,0.0008128,0.0024384,0.0008128,0.0024384,0.0008128,0.0024384,0.0008128
930,22017.1,0.61596,0.53908,1.05572,0.0087,0.92359,0.87415,0.91511,0.8002,0.62043,0.54831,1.09949,0.01199,0.0024087,0.0008029,0.0024087,0.0008029,0.0024087,0.0008029,0.0024087,0.0008029
931,22104.8,0.61772,0.54652,1.05785,0.00881,0.92361,0.87437,0.91518,0.80057,0.61988,0.54794,1.09912,0.01199,0.002379,0.000793,0.002379,0.000793,0.002379,0.000793,0.002379,0.000793
932,22191.2,0.61025,0.54212,1.05494,0.00899,0.91466,0.88155,0.91509,0.80054,0.62022,0.54837,1.09938,0.01197,0.0023493,0.0007831,0.0023493,0.0007831,0.0023493,0.0007831,0.0023493,0.0007831
933,22277.5,0.61252,0.54529,1.05949,0.00869,0.92393,0.87381,0.91513,0.79999,0.61988,0.54826,1.09908,0.01196,0.0023196,0.0007732,0.0023196,0.0007732,0.0023196,0.0007732,0.0023196,0.0007732
934,22364.9,0.61411,0.54024,1.05585,0.00887,0.91496,0.88185,0.91515,0.80062,0.61991,0.5482,1.09899,0.01195,0.0022899,0.0007633,0.0022899,0.0007633,0.0022899,0.0007633,0.0022899,0.0007633
935,22452.8,0.61611,0.54168,1.05618,0.00862,0.91458,0.88219,0.91522,0.80068,0.61962,0.54799,1.09891,0.01194,0.0022602,0.0007534,0.0022602,0.0007534,0.0022602,0.0007534,0.0022602,0.0007534
936,22540,0.61241,0.54489,1.05909,0.00862,0.91606,0.88182,0.91527,0.80084,0.61933,0.54765,1.09859,0.01193,0.0022305,0.0007435,0.0022305,0.0007435,0.0022305,0.0007435,0.0022305,0.0007435
937,22627.5,0.61434,0.54272,1.05753,0.00928,0.91479,0.88233,0.91522,0.80088,0.61942,0.54805,1.09865,0.0119,0.0022008,0.0007336,0.0022008,0.0007336,0.0022008,0.0007336,0.0022008,0.0007336
938,22715.4,0.61632,0.54708,1.05817,0.0091,0.91456,0.88333,0.9153,0.8009,0.61884,0.5477,1.09833,0.01191,0.0021711,0.0007237,0.0021711,0.0007237,0.0021711,0.0007237,0.0021711,0.0007237
939,22803.5,0.61519,0.54327,1.05566,0.00854,0.91516,0.88342,0.91535,0.80117,0.6186,0.54721,1.09817,0.01195,0.0021414,0.0007138,0.0021414,0.0007138,0.0021414,0.0007138,0.0021414,0.0007138
940,22891,0.61717,0.54144,1.05522,0.00906,0.91379,0.88296,0.91527,0.80081,0.61933,0.54789,1.0984,0.01188,0.0021117,0.0007039,0.0021117,0.0007039,0.0021117,0.0007039,0.0021117,0.0007039
941,22977.7,0.61633,0.54833,1.05632,0.00959,0.9144,0.8829,0.91529,0.80111,0.61867,0.54755,1.09806,0.0119,0.002082,0.000694,0.002082,0.000694,0.002082,0.000694,0.002082,0.000694
942,23066.3,0.61916,0.54536,1.05867,0.0085,0.9117,0.8859,0.91526,0.80116,0.61872,0.54741,1.09794,0.01189,0.0020523,0.0006841,0.0020523,0.0006841,0.0020523,0.0006841,0.0020523,0.0006841
